scientific_name,state,state_abbreviation,country
Loxops caeruleirostris,Hawaii,HI,United States
Oreomystis bairdi,Hawaii,HI,United States
Peromyscus polionotus ammobates,Alabama,AL,United States
Sarracenia rubra ssp. alabamensis,Alabama,AL,United States
Lampsilis virescens,Tennessee,TN,United States
Lampsilis virescens,Alabama,AL,United States
Clematis socialis,Alabama,AL,United States
Clematis socialis,Georgia,GA,United States
Clematis socialis,Georgia,GA,United States
Clematis socialis,Alabama,AL,United States
Medionidus acutissimus,Alabama,AL,United States
Medionidus acutissimus,Georgia,GA,United States
Medionidus acutissimus,Tennessee,TN,United States
Medionidus acutissimus,Tennessee,TN,United States
Medionidus acutissimus,Alabama,AL,United States
Medionidus acutissimus,Mississippi,MS,United States
Medionidus acutissimus,Georgia,GA,United States
Medionidus acutissimus,Mississippi,MS,United States
Margaritifera marrianae,Alabama,AL,United States
Alligator mississippiensis,Florida,FL,United States
Alligator mississippiensis,Oklahoma,OK,United States
Alligator mississippiensis,North Carolina,NC,United States
Nicrophorus americanus,Rhode Island,RI,Canada
Nicrophorus americanus,Rhode Island,RI,United States
Nicrophorus americanus,Texas,TX,United States
Nicrophorus americanus,Texas,TX,Canada
Nicrophorus americanus,Massachusetts,MA,United States
Nicrophorus americanus,South Dakota,SD,United States
Nicrophorus americanus,Ohio,OH,United States
Nicrophorus americanus,Ohio,OH,Canada
Nicrophorus americanus,Arkansas,AR,United States
Nicrophorus americanus,Arkansas,AR,Canada
Nicrophorus americanus,Oklahoma,OK,United States
Nicrophorus americanus,Oklahoma,OK,Canada
Nicrophorus americanus,Kansas,KS,Canada
Nicrophorus americanus,Kansas,KS,United States
Nicrophorus americanus,Nebraska,NE,Canada
Nicrophorus americanus,Nebraska,NE,United States
Nicrophorus americanus,South Dakota,SD,Canada
Nicrophorus americanus,Massachusetts,MA,Canada
Crocodylus acutus,Florida,FL,United States
Peromyscus polionotus phasma,Florida,FL,United States
Oncorhynchus apache,Arizona,AZ,United States
Astragalus applegatei,California,CA,United States
Astragalus applegatei,Oregon,OR,United States
Echinocereus triglochidiatus var. arizonicus,Arizona,AZ,United States
Lampsilis powellii,Arkansas,AR,United States
Anaxyrus californicus,California,CA,United States
Cyprinodon nevadensis mionectes,Nevada,NV,United States
Grindelia fraxinipratensis,Nevada,NV,United States
Ivesia kingii var. eremica,Nevada,NV,United States
Astragalus phoenix,Nevada,NV,United States
Ambrysus amargosus,Nevada,NV,United States
Rhinichthys osculus nevadensis,Nevada,NV,United States
Fratercula arctica,Maine,ME,United States
Salmo salar,Maine,ME,United States
Acipenser oxyrinchus (=oxyrhynchus) desotoi,Louisiana,LA,United States
Acipenser oxyrinchus (=oxyrhynchus) desotoi,Florida,FL,United States
Acipenser oxyrinchus (=oxyrhynchus) desotoi,Alabama,AL,United States
Acipenser oxyrinchus (=oxyrhynchus) desotoi,Florida,FL,United States
Acipenser oxyrinchus (=oxyrhynchus) desotoi,Mississippi,MS,United States
Acipenser oxyrinchus (=oxyrhynchus) desotoi,Mississippi,MS,United States
Acipenser oxyrinchus (=oxyrhynchus) desotoi,Mississippi,MS,United States
Acipenser oxyrinchus (=oxyrhynchus) desotoi,Alabama,AL,United States
Acipenser oxyrinchus (=oxyrhynchus) desotoi,Alabama,AL,United States
Acipenser oxyrinchus (=oxyrhynchus) desotoi,Florida,FL,United States
Acipenser oxyrinchus (=oxyrhynchus) desotoi,Louisiana,LA,United States
Acipenser oxyrinchus (=oxyrhynchus) desotoi,Louisiana,LA,United States
Polyborus plancus audubonii,Florida,FL,United States
Eurycea waterlooensis,Texas,TX,United States
Aimophila aestivalis,Florida,FL,United States
Aimophila aestivalis,Virginia,VA,United States
Oceanodroma castro,Hawaii,HI,United States
Eurycea sosorum,Texas,TX,United States
Euphydryas editha bayensis,California,CA,United States
Layia carnosa,California,CA,United States
Goetzea elegans,Puerto Rico,PR,United States
Cyprinella formosa,Arizona,AZ,United States
Cyprinella formosa,New Mexico,NM,United States
Speyeria zerene behrensii,California,CA,United States
Cambarus aculabrum,Arkansas,AR,United States
Cambarus aculabrum,Missouri,MO,United States
Cambarus aculabrum,Arkansas,AR,United States
Cambarus aculabrum,Missouri,MO,United States
Gambusia gaigei,Texas,TX,United States
Faxonius peruncus,Missouri,MO,United States
Pterodroma hasitata,North Carolina,NC,United States
Pterodroma hasitata,Georgia,GA,United States
Pterodroma hasitata,South Carolina,SC,United States
Mustela nigripes,New Mexico,NM,United States
Mustela nigripes,New Mexico,NM,United States
Mustela nigripes,Montana,MT,United States
Mustela nigripes,Montana,MT,United States
Mustela nigripes,Colorado,CO,United States
Mustela nigripes,Colorado,CO,United States
Mustela nigripes,Kansas,KS,United States
Mustela nigripes,Kansas,KS,United States
Mustela nigripes,Arizona,AZ,United States
Mustela nigripes,Arizona,AZ,United States
Mustela nigripes,South Dakota,SD,United States
Mustela nigripes,South Dakota,SD,United States
Pituophis melanoleucus lodingi,Mississippi,MS,United States
Pituophis melanoleucus lodingi,Alabama,AL,United States
Laterallus jamaicensis,Indiana,IN,United States
Laterallus jamaicensis,Alabama,AL,United States
Laterallus jamaicensis,Connecticut,CT,United States
Laterallus jamaicensis,Pennsylvania,PA,United States
Laterallus jamaicensis,Virgin Islands,VI,United States
Laterallus jamaicensis,Maryland,MD,United States
Laterallus jamaicensis,Delaware,DE,United States
Laterallus jamaicensis,West Virginia,WV,United States
Laterallus jamaicensis,Colorado,CO,United States
Laterallus jamaicensis,Oklahoma,OK,United States
Laterallus jamaicensis,Kansas,KS,United States
Laterallus jamaicensis,Kentucky,KY,United States
Laterallus jamaicensis,Massachusetts,MA,United States
Laterallus jamaicensis,Texas,TX,United States
Laterallus jamaicensis,New York,NY,United States
Laterallus jamaicensis,Virginia,VA,United States
Laterallus jamaicensis,Rhode Island,RI,United States
Laterallus jamaicensis,Arkansas,AR,United States
Laterallus jamaicensis,Ohio,OH,United States
Laterallus jamaicensis,Georgia,GA,United States
Laterallus jamaicensis,Tennessee,TN,United States
Laterallus jamaicensis,South Carolina,SC,United States
Laterallus jamaicensis,Louisiana,LA,United States
Laterallus jamaicensis,Michigan,MI,United States
Laterallus jamaicensis,North Carolina,NC,United States
Laterallus jamaicensis,Iowa,IA,United States
Laterallus jamaicensis,Illinois,IL,United States
Laterallus jamaicensis,Florida,FL,United States
Laterallus jamaicensis,Mississippi,MS,United States
Laterallus jamaicensis,New Jersey,NJ,United States
Laterallus jamaicensis,Puerto Rico,PR,United States
Laterallus jamaicensis,Missouri,MO,United States
Chlidonias niger,Colorado,CO,United States
Chlidonias niger,Washington,WA,Canada
Chlidonias niger,Washington,WA,United States
Chlidonias niger,North Dakota,ND,Canada
Chlidonias niger,North Dakota,ND,United States
Chlidonias niger,Missouri,MO,Canada
Chlidonias niger,Missouri,MO,United States
Chlidonias niger,Idaho,ID,Canada
Chlidonias niger,Idaho,ID,United States
Chlidonias niger,Wisconsin,WI,Canada
Chlidonias niger,Wisconsin,WI,United States
Chlidonias niger,Kansas,KS,Canada
Chlidonias niger,Kansas,KS,United States
Chlidonias niger,New York,NY,Canada
Chlidonias niger,New York,NY,United States
Chlidonias niger,South Dakota,SD,Canada
Chlidonias niger,South Dakota,SD,United States
Chlidonias niger,Maine,ME,Canada
Chlidonias niger,Maine,ME,United States
Chlidonias niger,Nevada,NV,Canada
Chlidonias niger,Nevada,NV,United States
Chlidonias niger,Ohio,OH,Canada
Chlidonias niger,Ohio,OH,United States
Chlidonias niger,Indiana,IN,Canada
Chlidonias niger,Indiana,IN,United States
Chlidonias niger,Michigan,MI,Canada
Chlidonias niger,Michigan,MI,United States
Chlidonias niger,Utah,UT,Canada
Chlidonias niger,Utah,UT,United States
Chlidonias niger,Nebraska,NE,Canada
Chlidonias niger,Nebraska,NE,United States
Chlidonias niger,California,CA,Canada
Chlidonias niger,California,CA,United States
Chlidonias niger,Montana,MT,Canada
Chlidonias niger,Montana,MT,United States
Chlidonias niger,Illinois,IL,Canada
Chlidonias niger,Illinois,IL,United States
Chlidonias niger,Iowa,IA,Canada
Chlidonias niger,Iowa,IA,United States
Chlidonias niger,Wyoming,WY,Canada
Chlidonias niger,Wyoming,WY,United States
Chlidonias niger,Colorado,CO,Canada
Chlidonias niger,Oregon,OR,Canada
Chlidonias niger,Oregon,OR,United States
Chlidonias niger,Minnesota,MN,Canada
Chlidonias niger,Minnesota,MN,United States
Bufo exsul,California,CA,United States
Necturus alabamensis,Alabama,AL,United States
Penstemon haydenii,Wyoming,WY,United States
Penstemon haydenii,Nebraska,NE,United States
Gambelia silus,California,CA,United States
Clemmys muhlenbergii,New York,NY,United States
Clemmys muhlenbergii,South Carolina,SC,United States
Clemmys muhlenbergii,New Jersey,NJ,United States
Clemmys muhlenbergii,Massachusetts,MA,United States
Clemmys muhlenbergii,North Carolina,NC,United States
Clemmys muhlenbergii,Tennessee,TN,United States
Clemmys muhlenbergii,Pennsylvania,PA,United States
Clemmys muhlenbergii,Maryland,MD,United States
Clemmys muhlenbergii,Delaware,DE,United States
Clemmys muhlenbergii,Connecticut,CT,United States
Gila elegans,California,CA,United States
Gila elegans,Utah,UT,United States
Gila elegans,Arizona,AZ,United States
Gila elegans,Colorado,CO,United States
Gila elegans,Nevada,NV,United States
Numenius tahitiensis,American Samoa,AS,United States
Sorex ornatus relictus,California,CA,United States
Salvelinus confluentus,Oregon,OR,United States
Salvelinus confluentus,Idaho,ID,United States
Salvelinus confluentus,Montana,MT,United States
Salvelinus confluentus,Washington,WA,United States
Salvelinus confluentus,Nevada,NV,United States
Sagittaria fasciculata,South Carolina,SC,United States
Sagittaria fasciculata,North Carolina,NC,United States
Rallus longirostris obsoletus,California,CA,United States
Gymnogyps californianus,Arizona,AZ,United States
Gymnogyps californianus,Nevada,NV,United States
Gymnogyps californianus,Colorado,CO,United States
Gymnogyps californianus,California,CA,United States
Gymnogyps californianus,Utah,UT,United States
Sterna antillarum browni,California,CA,United States
Sterna antillarum browni,Arizona,AZ,United States
Rana draytonii,California,CA,United States
Rana draytonii,California,CA,United States
Suaeda californica,California,CA,United States
Suaeda californica,California,CA,United States
Ambystoma californiense,California,CA,United States
Ambystoma californiense,California,CA,United States
Ambystoma californiense,California,CA,United States
Speyeria callippe callippe,California,CA,United States
Lynx canadensis,Minnesota,MN,United States
Lynx canadensis,Vermont,VT,United States
Lynx canadensis,Colorado,CO,United States
Lynx canadensis,Michigan,MI,United States
Lynx canadensis,Utah,UT,United States
Lynx canadensis,Oregon,OR,United States
Lynx canadensis,Idaho,ID,United States
Lynx canadensis,Wisconsin,WI,United States
Lynx canadensis,New Mexico,NM,United States
Lynx canadensis,Montana,MT,United States
Lynx canadensis,New Hampshire,NH,United States
Lynx canadensis,Maine,ME,United States
Lynx canadensis,Washington,WA,United States
Lynx canadensis,Wyoming,WY,United States
Oxypolis canbyi,Georgia,GA,United States
Oxypolis canbyi,Maryland,MD,United States
Oxypolis canbyi,Delaware,DE,United States
Oxypolis canbyi,North Carolina,NC,United States
Oxypolis canbyi,South Carolina,SC,United States
Etheostoma osburni,West Virginia,WV,United States
Etheostoma osburni,Virginia,VA,United States
Ammodramus maritimus mirabilis,Florida,FL,United States
Lasmigona decorata,North Carolina,NC,United States
Lasmigona decorata,South Carolina,SC,United States
Dinacoma caseyi,California,CA,United States
Plethodon nettingi,West Virginia,WV,United States
Etheostoma scotti,Georgia,GA,United States
Gila nigrescens,New Mexico,NM,United States
Succinea chittenangoensis,New York,NY,United States
Noturus crypticus,Tennessee,TN,United States
Pleodendron macranthum,Puerto Rico,PR,United States
Eriogonum pelinophilum,Colorado,CO,United States
Eriogonum pelinophilum,Colorado,CO,United States
Eriogonum pelinophilum,Colorado,CO,United States
Eriogonum pelinophilum,Colorado,CO,United States
Phacelia argillacea,Utah,UT,United States
Pleurobema clava,Illinois,IL,United States
Pleurobema clava,Tennessee,TN,United States
Pleurobema clava,Ohio,OH,United States
Pleurobema clava,Indiana,IN,United States
Pleurobema clava,Michigan,MI,United States
Pleurobema clava,New York,NY,United States
Pleurobema clava,Kentucky,KY,United States
Pleurobema clava,West Virginia,WV,United States
Pleurobema clava,Pennsylvania,PA,United States
Pleurobema clava,Mississippi,MS,United States
Uma inornata,California,CA,United States
Stahlia monosperma,Puerto Rico,PR,United States
Sclerocactus glaucus,Colorado,CO,United States
Sclerocactus glaucus,Colorado,CO,United States
Ptychocheilus lucius,New Mexico,NM,United States
Ptychocheilus lucius,Utah,UT,United States
Ptychocheilus lucius,California,CA,United States
Ptychocheilus lucius,Colorado,CO,United States
Ptychocheilus lucius,Wyoming,WY,United States
Ptychocheilus lucius,Arizona,AZ,United States
Brachylagus idahoensis,Washington,WA,United States
Odocoileus virginianus leucurus,Washington,WA,United States
Odocoileus virginianus leucurus,Oregon,OR,United States
Dalea reverchonii,Texas,TX,United States
Cyprinodon elegans,Texas,TX,United States
Sterna hirundo,Wisconsin,WI,United States
Sterna hirundo,New York,NY,Canada
Sterna hirundo,New York,NY,Canada
Sterna hirundo,New York,NY,United States
Sterna hirundo,Wisconsin,WI,United States
Sterna hirundo,New York,NY,United States
Sterna hirundo,Wisconsin,WI,Canada
Sterna hirundo,Wisconsin,WI,Canada
Sterna hirundo,Illinois,IL,United States
Sterna hirundo,Michigan,MI,Canada
Sterna hirundo,Michigan,MI,Canada
Sterna hirundo,Michigan,MI,United States
Sterna hirundo,Michigan,MI,United States
Sterna hirundo,Indiana,IN,Canada
Sterna hirundo,Indiana,IN,Canada
Sterna hirundo,Indiana,IN,United States
Sterna hirundo,Indiana,IN,United States
Sterna hirundo,Ohio,OH,Canada
Sterna hirundo,Ohio,OH,Canada
Sterna hirundo,Pennsylvania,PA,United States
Sterna hirundo,Pennsylvania,PA,United States
Sterna hirundo,Pennsylvania,PA,Canada
Sterna hirundo,Pennsylvania,PA,Canada
Sterna hirundo,Minnesota,MN,United States
Sterna hirundo,Minnesota,MN,United States
Sterna hirundo,Minnesota,MN,Canada
Sterna hirundo,Ohio,OH,United States
Sterna hirundo,Minnesota,MN,Canada
Sterna hirundo,Ohio,OH,United States
Sterna hirundo,Illinois,IL,Canada
Sterna hirundo,Illinois,IL,United States
Sterna hirundo,Illinois,IL,Canada
Geothlypis trichas sinuosa,California,CA,United States
Lomatium cookii,Oregon,OR,United States
Accipiter cooperii,California,CA,United States
Medionidus parvulus,Alabama,AL,United States
Medionidus parvulus,Georgia,GA,United States
Medionidus parvulus,Tennessee,TN,United States
Nerodia erythrogaster neglecta,Indiana,IN,United States
Nerodia erythrogaster neglecta,Ohio,OH,United States
Nerodia erythrogaster neglecta,Michigan,MI,United States
Villosa trabalis,Tennessee,TN,United States
Villosa trabalis,Kentucky,KY,United States
Etheostoma susanae,Tennessee,TN,United States
Etheostoma susanae,Kentucky,KY,United States
Epioblasma brevidens,Tennessee,TN,United States
Epioblasma brevidens,Virginia,VA,United States
Epioblasma brevidens,Virginia,VA,United States
Epioblasma brevidens,Kentucky,KY,United States
Epioblasma brevidens,Kentucky,KY,United States
Epioblasma brevidens,Mississippi,MS,United States
Epioblasma brevidens,Mississippi,MS,United States
Epioblasma brevidens,Tennessee,TN,United States
Pleurobema gibberum,Tennessee,TN,United States
Hesperia dacotae,South Dakota,SD,Canada
Hesperia dacotae,North Dakota,ND,Canada
Hesperia dacotae,Minnesota,MN,United States
Hesperia dacotae,North Dakota,ND,United States
Hesperia dacotae,Minnesota,MN,Canada
Hesperia dacotae,Iowa,IA,United States
Hesperia dacotae,South Dakota,SD,United States
Hesperia dacotae,Iowa,IA,Canada
Phacelia submutica,Colorado,CO,United States
Phacelia submutica,Colorado,CO,United States
Rhaphiomidas terminatus abdominalis,California,CA,United States
Elaphrus viridis,California,CA,United States
Hypomesus transpacificus,California,CA,United States
Cyprinodon macularius,Arizona,AZ,United States
Cyprinodon macularius,Arizona,AZ,United States
Cyprinodon macularius,Arizona,AZ,United States
Cyprinodon macularius,California,CA,United States
Cyprinodon macularius,California,CA,United States
Cyprinodon macularius,California,CA,United States
Gopherus agassizii,Arizona,AZ,United States
Gopherus agassizii,Arizona,AZ,United States
Gopherus agassizii,California,CA,United States
Gopherus agassizii,Utah,UT,United States
Gopherus agassizii,Utah,UT,United States
Gopherus agassizii,California,CA,United States
Gopherus agassizii,Nevada,NV,United States
Gopherus agassizii,Nevada,NV,United States
Gopherus agassizii,Arizona,AZ,United States
Gopherus agassizii,Arizona,AZ,United States
Gopherus agassizii,Oregon,OR,United States
Gopherus agassizii,Oregon,OR,United States
Cyprinodon diabolis,Nevada,NV,United States
Dionda diaboli,Texas,TX,United States
Crystallaria cincotta,Tennessee,TN,United States
Crystallaria cincotta,West Virginia,WV,United States
Salvelinus malma,Washington,WA,United States
Dromus dromas,Kentucky,KY,United States
Dromus dromas,Virginia,VA,United States
Dromus dromas,Virginia,VA,United States
Dromus dromas,Tennessee,TN,United States
Dromus dromas,Tennessee,TN,United States
Dromus dromas,Alabama,AL,United States
Dromus dromas,Alabama,AL,United States
Dromus dromas,Kentucky,KY,United States
Lesquerella congesta,Colorado,CO,United States
Lesquerella congesta,Colorado,CO,United States
Physaria obcordata,Colorado,CO,United States
Physaria obcordata,Colorado,CO,United States
Rana sevosa,Alabama,AL,United States
Rana sevosa,Mississippi,MS,United States
Alasmidonta heterodon,Massachusetts,MA,Canada
Alasmidonta heterodon,Virginia,VA,United States
Alasmidonta heterodon,Virginia,VA,Canada
Alasmidonta heterodon,New Jersey,NJ,United States
Alasmidonta heterodon,New Jersey,NJ,Canada
Alasmidonta heterodon,New Hampshire,NH,United States
Alasmidonta heterodon,New Hampshire,NH,Canada
Alasmidonta heterodon,Vermont,VT,United States
Alasmidonta heterodon,Vermont,VT,Canada
Alasmidonta heterodon,North Carolina,NC,United States
Alasmidonta heterodon,North Carolina,NC,Canada
Alasmidonta heterodon,Connecticut,CT,United States
Alasmidonta heterodon,Pennsylvania,PA,Canada
Alasmidonta heterodon,Pennsylvania,PA,United States
Alasmidonta heterodon,Maryland,MD,Canada
Alasmidonta heterodon,Maryland,MD,United States
Alasmidonta heterodon,Connecticut,CT,Canada
Alasmidonta heterodon,New York,NY,United States
Alasmidonta heterodon,New York,NY,Canada
Alasmidonta heterodon,Massachusetts,MA,United States
Laterallus jamaicensis ssp. jamaicensis,New York,NY,United States
Laterallus jamaicensis ssp. jamaicensis,Massachusetts,MA,United States
Laterallus jamaicensis ssp. jamaicensis,Texas,TX,United States
Laterallus jamaicensis ssp. jamaicensis,Virginia,VA,United States
Laterallus jamaicensis ssp. jamaicensis,Kentucky,KY,United States
Laterallus jamaicensis ssp. jamaicensis,Kansas,KS,United States
Laterallus jamaicensis ssp. jamaicensis,Puerto Rico,PR,United States
Laterallus jamaicensis ssp. jamaicensis,Minnesota,MN,United States
Laterallus jamaicensis ssp. jamaicensis,Pennsylvania,PA,United States
Laterallus jamaicensis ssp. jamaicensis,Maryland,MD,United States
Laterallus jamaicensis ssp. jamaicensis,Virgin Islands,VI,United States
Laterallus jamaicensis ssp. jamaicensis,Colorado,CO,United States
Laterallus jamaicensis ssp. jamaicensis,Delaware,DE,United States
Laterallus jamaicensis ssp. jamaicensis,Illinois,IL,United States
Laterallus jamaicensis ssp. jamaicensis,Mississippi,MS,United States
Laterallus jamaicensis ssp. jamaicensis,West Virginia,WV,United States
Laterallus jamaicensis ssp. jamaicensis,Oklahoma,OK,United States
Laterallus jamaicensis ssp. jamaicensis,Florida,FL,United States
Laterallus jamaicensis ssp. jamaicensis,Tennessee,TN,United States
Laterallus jamaicensis ssp. jamaicensis,Georgia,GA,United States
Laterallus jamaicensis ssp. jamaicensis,Ohio,OH,United States
Laterallus jamaicensis ssp. jamaicensis,Arkansas,AR,United States
Laterallus jamaicensis ssp. jamaicensis,Vermont,VT,United States
Laterallus jamaicensis ssp. jamaicensis,Rhode Island,RI,United States
Laterallus jamaicensis ssp. jamaicensis,Alabama,AL,United States
Laterallus jamaicensis ssp. jamaicensis,Nebraska,NE,United States
Laterallus jamaicensis ssp. jamaicensis,Michigan,MI,United States
Laterallus jamaicensis ssp. jamaicensis,Indiana,IN,United States
Laterallus jamaicensis ssp. jamaicensis,Louisiana,LA,United States
Laterallus jamaicensis ssp. jamaicensis,South Carolina,SC,United States
Laterallus jamaicensis ssp. jamaicensis,New Jersey,NJ,United States
Laterallus jamaicensis ssp. jamaicensis,New Hampshire,NH,United States
Laterallus jamaicensis ssp. jamaicensis,Connecticut,CT,United States
Laterallus jamaicensis ssp. jamaicensis,Wisconsin,WI,United States
Laterallus jamaicensis ssp. jamaicensis,Missouri,MO,United States
Laterallus jamaicensis ssp. jamaicensis,New Mexico,NM,United States
Laterallus jamaicensis ssp. jamaicensis,North Carolina,NC,United States
Cryptobranchus alleganiensis alleganiensis,Missouri,MO,United States
Drymarchon corais couperi,Georgia,GA,United States
Drymarchon corais couperi,Alabama,AL,United States
Drymarchon corais couperi,Florida,FL,United States
Sistrurus catenatus,Pennsylvania,PA,Canada
Sistrurus catenatus,Ohio,OH,Canada
Sistrurus catenatus,Ohio,OH,United States
Sistrurus catenatus,New York,NY,Canada
Sistrurus catenatus,New York,NY,United States
Sistrurus catenatus,Wisconsin,WI,Canada
Sistrurus catenatus,Wisconsin,WI,United States
Sistrurus catenatus,Indiana,IN,Canada
Sistrurus catenatus,Indiana,IN,United States
Sistrurus catenatus,Pennsylvania,PA,United States
Sistrurus catenatus,Iowa,IA,Canada
Sistrurus catenatus,Iowa,IA,United States
Sistrurus catenatus,Illinois,IL,Canada
Sistrurus catenatus,Illinois,IL,United States
Sistrurus catenatus,Michigan,MI,Canada
Sistrurus catenatus,Michigan,MI,United States
Platanthera leucophaea,Arkansas,AR,United States
Platanthera leucophaea,Virginia,VA,United States
Platanthera leucophaea,Virginia,VA,United States
Platanthera leucophaea,Virginia,VA,United States
Platanthera leucophaea,Virginia,VA,Canada
Platanthera leucophaea,Virginia,VA,Canada
Platanthera leucophaea,Virginia,VA,Canada
Platanthera leucophaea,Maine,ME,United States
Platanthera leucophaea,Maine,ME,United States
Platanthera leucophaea,Maine,ME,United States
Platanthera leucophaea,Maine,ME,Canada
Platanthera leucophaea,Maine,ME,Canada
Platanthera leucophaea,Maine,ME,Canada
Platanthera leucophaea,Ohio,OH,United States
Platanthera leucophaea,Ohio,OH,United States
Platanthera leucophaea,Ohio,OH,United States
Platanthera leucophaea,Ohio,OH,Canada
Platanthera leucophaea,Ohio,OH,Canada
Platanthera leucophaea,Ohio,OH,Canada
Platanthera leucophaea,Michigan,MI,United States
Platanthera leucophaea,Michigan,MI,United States
Platanthera leucophaea,Michigan,MI,United States
Platanthera leucophaea,Michigan,MI,Canada
Platanthera leucophaea,Michigan,MI,Canada
Platanthera leucophaea,Michigan,MI,Canada
Platanthera leucophaea,Indiana,IN,United States
Platanthera leucophaea,Indiana,IN,United States
Platanthera leucophaea,Indiana,IN,United States
Platanthera leucophaea,Indiana,IN,Canada
Platanthera leucophaea,Indiana,IN,Canada
Platanthera leucophaea,Indiana,IN,Canada
Platanthera leucophaea,Missouri,MO,United States
Platanthera leucophaea,Missouri,MO,United States
Platanthera leucophaea,Missouri,MO,United States
Platanthera leucophaea,Missouri,MO,Canada
Platanthera leucophaea,Missouri,MO,Canada
Platanthera leucophaea,Missouri,MO,Canada
Platanthera leucophaea,Wisconsin,WI,United States
Platanthera leucophaea,Pennsylvania,PA,United States
Platanthera leucophaea,Pennsylvania,PA,United States
Platanthera leucophaea,Pennsylvania,PA,United States
Platanthera leucophaea,Pennsylvania,PA,Canada
Platanthera leucophaea,Pennsylvania,PA,Canada
Platanthera leucophaea,Pennsylvania,PA,Canada
Platanthera leucophaea,West Virginia,WV,United States
Platanthera leucophaea,West Virginia,WV,United States
Platanthera leucophaea,West Virginia,WV,United States
Platanthera leucophaea,West Virginia,WV,Canada
Platanthera leucophaea,West Virginia,WV,Canada
Platanthera leucophaea,West Virginia,WV,Canada
Platanthera leucophaea,Minnesota,MN,United States
Platanthera leucophaea,Minnesota,MN,United States
Platanthera leucophaea,Minnesota,MN,United States
Platanthera leucophaea,Minnesota,MN,Canada
Platanthera leucophaea,Minnesota,MN,Canada
Platanthera leucophaea,Minnesota,MN,Canada
Platanthera leucophaea,Arkansas,AR,United States
Platanthera leucophaea,Arkansas,AR,United States
Platanthera leucophaea,Arkansas,AR,Canada
Platanthera leucophaea,Arkansas,AR,Canada
Platanthera leucophaea,Arkansas,AR,Canada
Platanthera leucophaea,Wisconsin,WI,United States
Platanthera leucophaea,Wisconsin,WI,United States
Platanthera leucophaea,Wisconsin,WI,Canada
Platanthera leucophaea,Wisconsin,WI,Canada
Platanthera leucophaea,Wisconsin,WI,Canada
Platanthera leucophaea,Illinois,IL,United States
Platanthera leucophaea,Illinois,IL,United States
Platanthera leucophaea,Illinois,IL,United States
Platanthera leucophaea,Illinois,IL,Canada
Platanthera leucophaea,Illinois,IL,Canada
Platanthera leucophaea,Illinois,IL,Canada
Platanthera leucophaea,Iowa,IA,United States
Platanthera leucophaea,Iowa,IA,United States
Platanthera leucophaea,Iowa,IA,United States
Platanthera leucophaea,Iowa,IA,Canada
Platanthera leucophaea,Iowa,IA,Canada
Platanthera leucophaea,Iowa,IA,Canada
Setophaga angelae,Puerto Rico,PR,United States
Euphilotes battoides allyni,California,CA,United States
Numenius borealis,Alaska,AK,United States
Numenius borealis,Nebraska,NE,United States
Numenius borealis,Texas,TX,United States
Numenius borealis,Texas,TX,Canada
Numenius borealis,Nebraska,NE,Canada
Numenius borealis,Alaska,AK,Canada
Rostrhamus sociabilis plumbeus,Florida,FL,United States
Cyprogenia stegaria,Ohio,OH,United States
Cyprogenia stegaria,Virginia,VA,United States
Cyprogenia stegaria,Kentucky,KY,United States
Cyprogenia stegaria,West Virginia,WV,United States
Cyprogenia stegaria,Illinois,IL,United States
Cyprogenia stegaria,Indiana,IN,United States
Cyprogenia stegaria,Alabama,AL,United States
Cyprogenia stegaria,Tennessee,TN,United States
Potamilus capax,Mississippi,MS,United States
Potamilus capax,Indiana,IN,United States
Potamilus capax,Louisiana,LA,United States
Potamilus capax,Missouri,MO,United States
Potamilus capax,Tennessee,TN,United States
Potamilus capax,Arkansas,AR,United States
Potamilus capax,Kentucky,KY,United States
Potamilus capax,Illinois,IL,United States
Amblema neislerii,Georgia,GA,United States
Amblema neislerii,Florida,FL,United States
Icaricia icarioides fenderi,Oregon,OR,United States
Fusconaia cuneolus,Tennessee,TN,United States
Fusconaia cuneolus,Alabama,AL,United States
Fusconaia cuneolus,Virginia,VA,United States
Sternotherus depressus,Alabama,AL,United States
Eumops floridanus,Florida,FL,United States
Ammodramus savannarum floridanus,Florida,FL,United States
Puma (=Felis) concolor coryi,Florida,FL,United States
Microtus pennsylvanicus dukecampbelli,Florida,FL,United States
Aphelocoma coerulescens,Florida,FL,United States
Ptychobranchus subtentus,Virginia,VA,United States
Ptychobranchus subtentus,Tennessee,TN,United States
Ptychobranchus subtentus,Tennessee,TN,United States
Ptychobranchus subtentus,Tennessee,TN,United States
Ptychobranchus subtentus,Virginia,VA,United States
Ptychobranchus subtentus,Kentucky,KY,United States
Ptychobranchus subtentus,Kentucky,KY,United States
Ptychobranchus subtentus,Kentucky,KY,United States
Ptychobranchus subtentus,Virginia,VA,United States
Megalagrion nesiotes,Hawaii,HI,United States
Etheostoma fonticola,Texas,TX,United States
Silene polypetala,Georgia,GA,United States
Silene polypetala,Florida,FL,United States
Dendrocygna bicolor,Arizona,AZ,United States
Dendrocygna bicolor,California,CA,United States
Fritillaria gentneri,Oregon,OR,United States
Fritillaria gentneri,California,CA,United States
Eurycea naufragia,Texas,TX,United States
Thamnophis gigas,California,CA,United States
Sphaeralcea gierischii,Arizona,AZ,United States
Sphaeralcea gierischii,Utah,UT,United States
Oncorhynchus gilae,New Mexico,NM,United States
Oncorhynchus gilae,Arizona,AZ,United States
Dendroica chrysoparia,Texas,TX,United States
Aquila chrysaetos,Texas,TX,United States
Aquila chrysaetos,Montana,MT,United States
Castilleja levisecta,Oregon,OR,Canada
Castilleja levisecta,Washington,WA,Canada
Castilleja levisecta,Washington,WA,United States
Castilleja levisecta,Oregon,OR,United States
Percina aurolineata,Tennessee,TN,United States
Percina aurolineata,Georgia,GA,United States
Percina aurolineata,Alabama,AL,United States
Gopherus polyphemus,Alabama,AL,United States
Gopherus polyphemus,Mississippi,MS,United States
Gopherus polyphemus,Louisiana,LA,United States
Myotis grisescens,Arkansas,AR,United States
Myotis grisescens,Arkansas,AR,United States
Myotis grisescens,Tennessee,TN,United States
Myotis grisescens,Tennessee,TN,United States
Myotis grisescens,Missouri,MO,United States
Myotis grisescens,Kentucky,KY,United States
Myotis grisescens,West Virginia,WV,United States
Myotis grisescens,West Virginia,WV,United States
Myotis grisescens,Virginia,VA,United States
Myotis grisescens,Georgia,GA,United States
Myotis grisescens,Missouri,MO,United States
Myotis grisescens,Oklahoma,OK,United States
Myotis grisescens,Georgia,GA,United States
Myotis grisescens,Illinois,IL,United States
Myotis grisescens,Illinois,IL,United States
Myotis grisescens,Mississippi,MS,United States
Myotis grisescens,Indiana,IN,United States
Myotis grisescens,Mississippi,MS,United States
Myotis grisescens,Florida,FL,United States
Myotis grisescens,Florida,FL,United States
Myotis grisescens,North Carolina,NC,United States
Myotis grisescens,North Carolina,NC,United States
Myotis grisescens,Oklahoma,OK,United States
Myotis grisescens,Virginia,VA,United States
Myotis grisescens,Indiana,IN,United States
Myotis grisescens,Alabama,AL,United States
Myotis grisescens,Alabama,AL,United States
Myotis grisescens,Kansas,KS,United States
Myotis grisescens,Kansas,KS,United States
Myotis grisescens,Kentucky,KY,United States
Oncorhynchus clarkii stomias,Utah,UT,United States
Oncorhynchus clarkii stomias,Colorado,CO,United States
Sarracenia oreophila,North Carolina,NC,United States
Sarracenia oreophila,Georgia,GA,United States
Sarracenia oreophila,Georgia,GA,United States
Sarracenia oreophila,Georgia,GA,United States
Sarracenia oreophila,Alabama,AL,United States
Sarracenia oreophila,Alabama,AL,United States
Sarracenia oreophila,Alabama,AL,United States
Sarracenia oreophila,North Carolina,NC,United States
Sarracenia oreophila,North Carolina,NC,United States
Chelonia mydas,South Carolina,SC,United States
Chelonia mydas,Virginia,VA,United States
Chelonia mydas,Texas,TX,United States
Chelonia mydas,North Carolina,NC,United States
Chelonia mydas,Florida,FL,United States
Chelonia mydas,Northern Mariana Islands,MP,United States
Chelonia mydas,Guam,GU,United States
Chelonia mydas,Palau,PW,United States
Chelonia mydas,Northern Mariana Islands,MP,United States
Chelonia mydas,Guam,GU,United States
Chelonia mydas,Hawaii,HI,United States
Acipenser medirostris,,,Canada
Ursus arctos horribilis,Montana,MT,United States
Ursus arctos horribilis,Wyoming,WY,United States
Ursus arctos horribilis,Washington,WA,United States
Ursus arctos horribilis,Idaho,ID,United States
Eleutherodactylus cooki,Puerto Rico,PR,United States
Herpailurus (=Felis) yagouaroundi cacomitli,Texas,TX,United States
Medionidus penicillatus,Florida,FL,United States
Medionidus penicillatus,Alabama,AL,United States
Medionidus penicillatus,Georgia,GA,United States
Centrocercus minimus,Utah,UT,United States
Centrocercus minimus,Colorado,CO,United States
Cambarus veteranus,West Virginia,WV,United States
Harperocallis flava,Florida,FL,United States
Loxops coccineus,Hawaii,HI,United States
Fulica americana alai,Hawaii,HI,United States
Branta (=Nesochen) sandvicensis,Hawaii,HI,United States
Branta (=Nesochen) sandvicensis,Hawaii,HI,United States
Lasiurus cinereus semotus,Hawaii,HI,United States
Anas wyvilliana,Hawaii,HI,United States
Himantopus mexicanus knudseni,Hawaii,HI,United States
Vicia menziesii,Hawaii,HI,United States
Eretmochelys imbricata,New York,NY,United States
Eretmochelys imbricata,Texas,TX,United States
Eretmochelys imbricata,Massachusetts,MA,United States
Eretmochelys imbricata,Virginia,VA,United States
Eretmochelys imbricata,Puerto Rico,PR,United States
Eretmochelys imbricata,New Jersey,NJ,United States
Eretmochelys imbricata,New Hampshire,NH,United States
Eretmochelys imbricata,Hawaii,HI,United States
Eretmochelys imbricata,Alabama,AL,United States
Eretmochelys imbricata,Rhode Island,RI,United States
Eretmochelys imbricata,Louisiana,LA,United States
Eretmochelys imbricata,Georgia,GA,United States
Eretmochelys imbricata,Maine,ME,United States
Eretmochelys imbricata,Mississippi,MS,United States
Eretmochelys imbricata,Florida,FL,United States
Eretmochelys imbricata,North Carolina,NC,United States
Eretmochelys imbricata,Connecticut,CT,United States
Eretmochelys imbricata,Guam,GU,United States
Eretmochelys imbricata,Palau,PW,United States
Eretmochelys imbricata,American Samoa,AS,United States
Eretmochelys imbricata,Delaware,DE,United States
Eretmochelys imbricata,Virgin Islands,VI,United States
Eretmochelys imbricata,Maryland,MD,United States
Eretmochelys imbricata,Northern Mariana Islands,MP,United States
Cambarus zophonastes,Arkansas,AR,United States
Lampsilis higginsii,South Dakota,SD,United States
Lampsilis higginsii,Wisconsin,WI,United States
Lampsilis higginsii,Missouri,MO,United States
Lampsilis higginsii,Minnesota,MN,United States
Lampsilis higginsii,Iowa,IA,United States
Lampsilis higginsii,Illinois,IL,United States
Harrisia portoricensis,Puerto Rico,PR,United States
Harrisia portoricensis,Puerto Rico,PR,United States
Crescentia portoricensis,Puerto Rico,PR,United States
Crescentia portoricensis,Puerto Rico,PR,United States
Somatochlora hineana,Illinois,IL,United States
Somatochlora hineana,Wisconsin,WI,United States
Somatochlora hineana,Michigan,MI,United States
Somatochlora hineana,Missouri,MO,United States
Gila cypha,Arizona,AZ,United States
Gila cypha,Utah,UT,United States
Gila cypha,Nevada,NV,United States
Gila cypha,Wyoming,WY,United States
Gila cypha,Colorado,CO,United States
Brychius hungerfordi,Michigan,MI,United States
Brychius hungerfordi,Michigan,MI,Canada
Drepanis coccinea,Hawaii,HI,United States
Myotis sodalis,Pennsylvania,PA,United States
Myotis sodalis,Iowa,IA,United States
Myotis sodalis,Illinois,IL,United States
Myotis sodalis,Mississippi,MS,United States
Myotis sodalis,North Carolina,NC,United States
Myotis sodalis,Alabama,AL,United States
Myotis sodalis,Michigan,MI,United States
Myotis sodalis,Indiana,IN,United States
Myotis sodalis,Missouri,MO,United States
Myotis sodalis,Tennessee,TN,United States
Myotis sodalis,Ohio,OH,United States
Myotis sodalis,Georgia,GA,United States
Myotis sodalis,Arkansas,AR,United States
Myotis sodalis,Vermont,VT,United States
Myotis sodalis,New York,NY,United States
Myotis sodalis,Kentucky,KY,United States
Myotis sodalis,Virginia,VA,United States
Myotis sodalis,New Jersey,NJ,United States
Myotis sodalis,West Virginia,WV,United States
Myotis sodalis,Connecticut,CT,United States
Myotis sodalis,Oklahoma,OK,United States
Myotis sodalis,Maryland,MD,United States
Eriodictyon altissimum,California,CA,United States
Euchloe ausonides insulanus,Washington,WA,United States
Campephilus principalis,Arkansas,AR,United States
Panthera onca,New Mexico,NM,United States
Panthera onca,Arizona,AZ,United States
Pleurobema collina,North Carolina,NC,United States
Pleurobema collina,West Virginia,WV,United States
Pleurobema collina,Virginia,VA,United States
Eurycea tonkawae,Texas,TX,United States
Chasmistes liorus,Utah,UT,United States
Lycaeides melissa samuelis,Michigan,MI,Canada
Lycaeides melissa samuelis,Indiana,IN,United States
Lycaeides melissa samuelis,Indiana,IN,Canada
Lycaeides melissa samuelis,Ohio,OH,United States
Lycaeides melissa samuelis,Ohio,OH,Canada
Lycaeides melissa samuelis,Illinois,IL,United States
Lycaeides melissa samuelis,Illinois,IL,Canada
Lycaeides melissa samuelis,Minnesota,MN,United States
Lycaeides melissa samuelis,Minnesota,MN,Canada
Lycaeides melissa samuelis,Wisconsin,WI,United States
Lycaeides melissa samuelis,New Hampshire,NH,Canada
Lycaeides melissa samuelis,Wisconsin,WI,Canada
Lycaeides melissa samuelis,New Hampshire,NH,United States
Lycaeides melissa samuelis,New York,NY,Canada
Lycaeides melissa samuelis,New York,NY,United States
Lycaeides melissa samuelis,Michigan,MI,United States
Adelocosa anops,Hawaii,HI,United States
Lepidochelys kempii,Mississippi,MS,United States
Lepidochelys kempii,South Carolina,SC,United States
Lepidochelys kempii,Virginia,VA,United States
Lepidochelys kempii,Texas,TX,United States
Lepidochelys kempii,Georgia,GA,United States
Lepidochelys kempii,Alabama,AL,United States
Lepidochelys kempii,Louisiana,LA,United States
Lepidochelys kempii,North Carolina,NC,United States
Lepidochelys kempii,Florida,FL,United States
Odocoileus virginianus clavium,Florida,FL,United States
Neotoma floridana smalli,Florida,FL,United States
Lupinus sulphureus ssp. kincaidii,Washington,WA,United States
Lupinus sulphureus ssp. kincaidii,Oregon,OR,United States
Lupinus sulphureus ssp. kincaidii,Oregon,OR,United States
Lupinus sulphureus ssp. kincaidii,Washington,WA,United States
Pediocactus knowltonii,New Mexico,NM,United States
Pediocactus knowltonii,Colorado,CO,United States
Pediocactus knowltonii,Colorado,CO,United States
Pediocactus knowltonii,New Mexico,NM,United States
Juturnia kosteri,New Mexico,NM,United States
Echinocereus fendleri var. kuenzleri,New Mexico,NM,United States
Dudleya stolonifera,California,CA,United States
Pyrgus ruralis lagunae,California,CA,United States
Oncorhynchus clarkii henshawi,Oregon,OR,United States
Oncorhynchus clarkii henshawi,Utah,UT,United States
Oncorhynchus clarkii henshawi,California,CA,United States
Oncorhynchus clarkii henshawi,California,CA,United States
Oncorhynchus clarkii henshawi,Nevada,NV,United States
Oncorhynchus clarkii henshawi,Utah,UT,United States
Oncorhynchus clarkii henshawi,Nevada,NV,United States
Oncorhynchus clarkii henshawi,Oregon,OR,United States
Apodemia mormo langei,California,CA,United States
Limnanthes pumila ssp. grandiflora,Oregon,OR,United States
larus atricilla,American Samoa,AS,United States
Chrosomus saylori,Tennessee,TN,United States
Anas laysanensis,Hawaii,HI,United States
Anas laysanensis,Hawaii,HI,United States
Telespyza cantans,Hawaii,HI,United States
Telespyza cantans,Hawaii,HI,United States
Vireo bellii pusillus,California,CA,United States
Ixobrychus exilis,Nevada,NV,United States
Ixobrychus exilis,Arizona,AZ,United States
Ixobrychus exilis,Oregon,OR,United States
Ixobrychus exilis,California,CA,United States
Ixobrychus exilis,Utah,UT,United States
Sterna antillarum,New Mexico,NM,United States
Sterna antillarum,Nebraska,NE,United States
Sterna antillarum,Louisiana,LA,United States
Sterna antillarum,Kansas,KS,United States
Sterna antillarum,Indiana,IN,United States
Sterna antillarum,Texas,TX,United States
Sterna antillarum,Kentucky,KY,United States
Sterna antillarum,South Dakota,SD,United States
Sterna antillarum,Missouri,MO,United States
Sterna antillarum,Tennessee,TN,United States
Sterna antillarum,North Dakota,ND,United States
Sterna antillarum,Oklahoma,OK,United States
Sterna antillarum,Colorado,CO,United States
Sterna antillarum,Illinois,IL,United States
Sterna antillarum,Mississippi,MS,United States
Sterna antillarum,Arkansas,AR,United States
Sterna antillarum,Iowa,IA,United States
Sterna antillarum,Montana,MT,United States
Dermochelys coriacea,Rhode Island,RI,United States
Dermochelys coriacea,Alabama,AL,Canada
Dermochelys coriacea,Hawaii,HI,Canada
Dermochelys coriacea,Hawaii,HI,United States
Dermochelys coriacea,Puerto Rico,PR,Canada
Dermochelys coriacea,North Carolina,NC,United States
Dermochelys coriacea,Washington,WA,Canada
Dermochelys coriacea,Florida,FL,United States
Dermochelys coriacea,North Carolina,NC,Canada
Dermochelys coriacea,Mississippi,MS,United States
Dermochelys coriacea,Florida,FL,Canada
Dermochelys coriacea,Georgia,GA,United States
Dermochelys coriacea,Mississippi,MS,Canada
Dermochelys coriacea,Maine,ME,United States
Dermochelys coriacea,Georgia,GA,Canada
Dermochelys coriacea,Louisiana,LA,United States
Dermochelys coriacea,Maine,ME,Canada
Dermochelys coriacea,California,CA,United States
Dermochelys coriacea,Louisiana,LA,Canada
Dermochelys coriacea,Alabama,AL,United States
Dermochelys coriacea,California,CA,Canada
Dermochelys coriacea,Rhode Island,RI,Canada
Dermochelys coriacea,New York,NY,Canada
Dermochelys coriacea,Massachusetts,MA,Canada
Dermochelys coriacea,New York,NY,United States
Dermochelys coriacea,Texas,TX,United States
Dermochelys coriacea,Texas,TX,Canada
Dermochelys coriacea,Massachusetts,MA,United States
Dermochelys coriacea,Virginia,VA,United States
Dermochelys coriacea,Virginia,VA,Canada
Dermochelys coriacea,South Carolina,SC,United States
Dermochelys coriacea,South Carolina,SC,Canada
Dermochelys coriacea,New Jersey,NJ,United States
Dermochelys coriacea,New Jersey,NJ,Canada
Dermochelys coriacea,New Hampshire,NH,United States
Dermochelys coriacea,New Hampshire,NH,Canada
Dermochelys coriacea,Puerto Rico,PR,United States
Dermochelys coriacea,Virgin Islands,VI,United States
Dermochelys coriacea,Maryland,MD,United States
Dermochelys coriacea,Virgin Islands,VI,Canada
Dermochelys coriacea,Delaware,DE,United States
Dermochelys coriacea,Maryland,MD,Canada
Dermochelys coriacea,Oregon,OR,United States
Dermochelys coriacea,Delaware,DE,Canada
Dermochelys coriacea,Connecticut,CT,United States
Dermochelys coriacea,Oregon,OR,Canada
Dermochelys coriacea,Washington,WA,United States
Dermochelys coriacea,Connecticut,CT,Canada
Coryphantha sneedii var. leei,New Mexico,NM,United States
Cyprinodon bovinus,Texas,TX,United States
Rallus longirostris levipes,California,CA,United States
Amphianthus pusillus,Georgia,GA,United States
Amphianthus pusillus,Georgia,GA,United States
Amphianthus pusillus,Alabama,AL,United States
Amphianthus pusillus,Alabama,AL,United States
Amphianthus pusillus,South Carolina,SC,United States
Amphianthus pusillus,South Carolina,SC,United States
Caretta caretta,Texas,TX,United States
Caretta caretta,South Carolina,SC,United States
Caretta caretta,Oregon,OR,United States
Caretta caretta,Georgia,GA,United States
Caretta caretta,Louisiana,LA,United States
Caretta caretta,Alabama,AL,United States
Caretta caretta,Virginia,VA,United States
Caretta caretta,Mississippi,MS,United States
Caretta caretta,North Carolina,NC,United States
Caretta caretta,Florida,FL,United States
Deltistes luxatus,Oregon,OR,United States
Deltistes luxatus,California,CA,United States
Deltistes luxatus,Oregon,OR,United States
Deltistes luxatus,California,CA,United States
Margaritifera hembeli,Arkansas,AR,United States
Margaritifera hembeli,Louisiana,LA,United States
Pituophis ruthveni,Texas,TX,United States
Pituophis ruthveni,Louisiana,LA,United States
Isoetes louisianensis,Louisiana,LA,United States
Isoetes louisianensis,Mississippi,MS,United States
Isoetes louisianensis,Alabama,AL,United States
Sylvilagus palustris hefneri,Florida,FL,United States
Pentachaeta lyonii,California,CA,United States
Pentachaeta lyonii,California,CA,United States
Astragalus humillimus,Colorado,CO,United States
Astragalus humillimus,New Mexico,NM,United States
Brachyramphus marmoratus,,,Canada
Brachyramphus marmoratus,Washington,WA,United States
Brachyramphus marmoratus,,,Canada
Brachyramphus marmoratus,California,CA,United States
Brachyramphus marmoratus,Washington,WA,United States
Brachyramphus marmoratus,California,CA,United States
Brachyramphus marmoratus,Oregon,OR,United States
Brachyramphus marmoratus,Oregon,OR,United States
Pteropus mariannus mariannus,Northern Mariana Islands,MP,United States
Pteropus mariannus mariannus,Guam,GU,United States
Anas oustaleti,Northern Mariana Islands,MP,United States
Anas oustaleti,Guam,GU,United States
Colinus virginianus ridgwayi,Arizona,AZ,United States
Colinus virginianus ridgwayi,Arizona,AZ,United States
Prietella phreatophila,Texas,TX,United States
Canis lupus baileyi,New Mexico,NM,United States
Canis lupus baileyi,Arizona,AZ,United States
Cyclargus (=Hemiargus) thomasi bethunebakeri,Florida,FL,United States
Ribes echinellum,South Carolina,SC,United States
Ribes echinellum,Florida,FL,United States
Rhus michauxii,South Carolina,SC,United States
Rhus michauxii,North Carolina,NC,United States
Rhus michauxii,Georgia,GA,United States
Rhus michauxii,Virginia,VA,United States
Erythronium propullans,Minnesota,MN,United States
Erythronium propullans,Minnesota,MN,United States
Icaricia icarioides missionensis,California,CA,United States
Grus canadensis pulla,Alabama,AL,United States
Grus canadensis pulla,Mississippi,MS,United States
Moapa coriacea,Nevada,NV,United States
Epicrates monensis monensis,Puerto Rico,PR,United States
Epicrates monensis monensis,Puerto Rico,PR,United States
Epicrates monensis monensis,Puerto Rico,PR,United States
Cyclura stejnegeri,Puerto Rico,PR,United States
Arctostaphylos morroensis,California,CA,United States
Rana muscosa,California,CA,United States
Rana muscosa,California,CA,United States
Rana muscosa,California,CA,United States
Rana muscosa,California,CA,United States
Speyeria zerene myrtleae,California,CA,United States
Sidalcea nelsoniana,Oregon,OR,United States
Sidalcea nelsoniana,Washington,WA,United States
Zapus hudsonius luteus,Colorado,CO,United States
Zapus hudsonius luteus,New Mexico,NM,United States
Zapus hudsonius luteus,Arizona,AZ,United States
Etheostoma nianguae,Missouri,MO,United States
Acrocephalus familiaris kingi,Hawaii,HI,United States
Aristida chaseae,Puerto Rico,PR,United States
Chamaecrista glandulosa var. mirabilis,Puerto Rico,PR,United States
Cranichis ricartii,Puerto Rico,PR,United States
Lepanthes eltoroensis,Puerto Rico,PR,United States
Lyonia truncata var. proctorii,Puerto Rico,PR,United States
Schoepfia arenaria,Puerto Rico,PR,United States
Vernonia proctorii,Puerto Rico,PR,United States
Gammarus desperatus,New Mexico,NM,United States
Cicindela dorsalis dorsalis,Virginia,VA,United States
Cicindela dorsalis dorsalis,Massachusetts,MA,United States
Cicindela dorsalis dorsalis,New Jersey,NJ,United States
Cicindela dorsalis dorsalis,Maryland,MD,United States
Scirpus ancistrochaetus,West Virginia,WV,United States
Scirpus ancistrochaetus,New Hampshire,NH,United States
Scirpus ancistrochaetus,New York,NY,United States
Scirpus ancistrochaetus,Virginia,VA,United States
Scirpus ancistrochaetus,Massachusetts,MA,United States
Scirpus ancistrochaetus,Vermont,VT,United States
Scirpus ancistrochaetus,Maryland,MD,United States
Scirpus ancistrochaetus,Pennsylvania,PA,United States
Falco femoralis septentrionalis,Texas,TX,United States
Urocitellus brunneus,Idaho,ID,United States
Myotis septentrionalis,Montana,MT,United States
Myotis septentrionalis,Montana,MT,United States
Myotis septentrionalis,Kansas,KS,United States
Myotis septentrionalis,New York,NY,United States
Myotis septentrionalis,Indiana,IN,United States
Myotis septentrionalis,Illinois,IL,United States
Myotis septentrionalis,Mississippi,MS,United States
Myotis septentrionalis,Mississippi,MS,United States
Myotis septentrionalis,Vermont,VT,United States
Myotis septentrionalis,Arkansas,AR,United States
Myotis septentrionalis,Arkansas,AR,United States
Myotis septentrionalis,Iowa,IA,United States
Myotis septentrionalis,Nebraska,NE,United States
Myotis septentrionalis,New York,NY,United States
Myotis septentrionalis,Iowa,IA,United States
Myotis septentrionalis,Louisiana,LA,United States
Myotis septentrionalis,Rhode Island,RI,United States
Myotis septentrionalis,Oklahoma,OK,United States
Myotis septentrionalis,Oklahoma,OK,United States
Myotis septentrionalis,Pennsylvania,PA,United States
Myotis septentrionalis,Pennsylvania,PA,United States
Myotis septentrionalis,Wyoming,WY,United States
Myotis septentrionalis,Wyoming,WY,United States
Myotis septentrionalis,Maryland,MD,United States
Myotis septentrionalis,Maryland,MD,United States
Myotis septentrionalis,Maine,ME,United States
Myotis septentrionalis,Maine,ME,United States
Myotis septentrionalis,Rhode Island,RI,United States
Myotis septentrionalis,South Dakota,SD,United States
Myotis septentrionalis,Alabama,AL,United States
Myotis septentrionalis,South Dakota,SD,United States
Myotis septentrionalis,Tennessee,TN,United States
Myotis septentrionalis,Nebraska,NE,United States
Myotis septentrionalis,Indiana,IN,United States
Myotis septentrionalis,Louisiana,LA,United States
Myotis septentrionalis,Alabama,AL,United States
Myotis septentrionalis,Tennessee,TN,United States
Myotis septentrionalis,West Virginia,WV,United States
Myotis septentrionalis,North Carolina,NC,United States
Myotis septentrionalis,Delaware,DE,United States
Myotis septentrionalis,Delaware,DE,United States
Myotis septentrionalis,North Carolina,NC,United States
Myotis septentrionalis,Georgia,GA,United States
Myotis septentrionalis,Ohio,OH,United States
Myotis septentrionalis,District of Columbia,DC,United States
Myotis septentrionalis,Vermont,VT,United States
Myotis septentrionalis,District of Columbia,DC,United States
Myotis septentrionalis,Illinois,IL,United States
Myotis septentrionalis,Massachusetts,MA,United States
Myotis septentrionalis,Massachusetts,MA,United States
Myotis septentrionalis,Virginia,VA,United States
Myotis septentrionalis,Virginia,VA,United States
Myotis septentrionalis,Kentucky,KY,United States
Myotis septentrionalis,Kentucky,KY,United States
Myotis septentrionalis,Missouri,MO,United States
Myotis septentrionalis,Missouri,MO,United States
Myotis septentrionalis,South Carolina,SC,United States
Myotis septentrionalis,South Carolina,SC,United States
Myotis septentrionalis,Kansas,KS,United States
Myotis septentrionalis,New Jersey,NJ,United States
Myotis septentrionalis,New Hampshire,NH,United States
Myotis septentrionalis,New Hampshire,NH,United States
Myotis septentrionalis,Wisconsin,WI,United States
Myotis septentrionalis,Wisconsin,WI,United States
Myotis septentrionalis,North Dakota,ND,United States
Myotis septentrionalis,North Dakota,ND,United States
Myotis septentrionalis,Minnesota,MN,United States
Myotis septentrionalis,Minnesota,MN,United States
Myotis septentrionalis,Connecticut,CT,United States
Myotis septentrionalis,Connecticut,CT,United States
Myotis septentrionalis,Michigan,MI,United States
Myotis septentrionalis,Ohio,OH,United States
Myotis septentrionalis,New Jersey,NJ,United States
Myotis septentrionalis,Michigan,MI,United States
Myotis septentrionalis,West Virginia,WV,United States
Myotis septentrionalis,Georgia,GA,United States
Thamnophis eques megalops,Arizona,AZ,United States
Thamnophis eques megalops,New Mexico,NM,United States
Epioblasma torulosa rangiana,Pennsylvania,PA,United States
Epioblasma torulosa rangiana,Kentucky,KY,United States
Epioblasma torulosa rangiana,Kentucky,KY,United States
Epioblasma torulosa rangiana,Kentucky,KY,United States
Epioblasma torulosa rangiana,Indiana,IN,United States
Epioblasma torulosa rangiana,Indiana,IN,United States
Epioblasma torulosa rangiana,Indiana,IN,United States
Epioblasma torulosa rangiana,Michigan,MI,United States
Epioblasma torulosa rangiana,Michigan,MI,United States
Epioblasma torulosa rangiana,Michigan,MI,United States
Epioblasma torulosa rangiana,New York,NY,United States
Epioblasma torulosa rangiana,New York,NY,United States
Epioblasma torulosa rangiana,New York,NY,United States
Epioblasma torulosa rangiana,Illinois,IL,United States
Epioblasma torulosa rangiana,Illinois,IL,United States
Epioblasma torulosa rangiana,Illinois,IL,United States
Epioblasma torulosa rangiana,Ohio,OH,United States
Epioblasma torulosa rangiana,Ohio,OH,United States
Epioblasma torulosa rangiana,Ohio,OH,United States
Epioblasma torulosa rangiana,West Virginia,WV,United States
Epioblasma torulosa rangiana,West Virginia,WV,United States
Epioblasma torulosa rangiana,West Virginia,WV,United States
Epioblasma torulosa rangiana,Pennsylvania,PA,United States
Epioblasma torulosa rangiana,Pennsylvania,PA,United States
Strix occidentalis caurina,Oregon,OR,United States
Strix occidentalis caurina,California,CA,Canada
Strix occidentalis caurina,California,CA,United States
Strix occidentalis caurina,Washington,WA,Canada
Strix occidentalis caurina,Washington,WA,United States
Strix occidentalis caurina,Oregon,OR,Canada
Vulpes velox hebes,,,Canada
Aconitum noveboracense,Ohio,OH,United States
Aconitum noveboracense,New York,NY,United States
Aconitum noveboracense,Iowa,IA,United States
Aconitum noveboracense,Wisconsin,WI,United States
Phacelia formosula,Colorado,CO,United States
Phacelia formosula,Colorado,CO,United States
Chasiempis ibidis,Hawaii,HI,United States
Myotis lucifugus occultus,California,CA,United States
Myotis lucifugus occultus,New Mexico,NM,United States
Myotis lucifugus occultus,Texas,TX,United States
Myotis lucifugus occultus,Arizona,AZ,United States
Leopardus (=Felis) pardalis,Arizona,AZ,United States
Leopardus (=Felis) pardalis,Texas,TX,United States
Etheostoma okaloosae,Florida,FL,United States
Lepidochelys olivacea,Oregon,OR,United States
Lepidochelys olivacea,California,CA,United States
Lepidochelys olivacea,Hawaii,HI,United States
Contopus cooperi,North Carolina,NC,Canada
Contopus cooperi,North Carolina,NC,United States
Speyeria zerene hippolyta,Oregon,OR,United States
Speyeria zerene hippolyta,California,CA,United States
Speyeria zerene hippolyta,California,CA,United States
Speyeria zerene hippolyta,Oregon,OR,United States
Rana pretiosa,Washington,WA,Canada
Rana pretiosa,Oregon,OR,United States
Rana pretiosa,Oregon,OR,Canada
Rana pretiosa,California,CA,United States
Rana pretiosa,Oregon,OR,Canada
Rana pretiosa,Washington,WA,United States
Rana pretiosa,Washington,WA,United States
Rana pretiosa,California,CA,United States
Rana pretiosa,Oregon,OR,United States
Rana pretiosa,California,CA,Canada
Rana pretiosa,California,CA,Canada
Rana pretiosa,Washington,WA,Canada
Astragalus osterhoutii,Colorado,CO,United States
Astragalus osterhoutii,Colorado,CO,United States
Pogogyne nudiuscula,California,CA,United States
Pleurobema pyriforme,Florida,FL,United States
Pleurobema pyriforme,Georgia,GA,United States
Pleurobema pyriforme,Alabama,AL,United States
Epioblasma capsaeformis,Tennessee,TN,United States
Epioblasma capsaeformis,Alabama,AL,United States
Epioblasma capsaeformis,Kentucky,KY,United States
Epioblasma capsaeformis,Virginia,VA,United States
Epioblasma capsaeformis,Tennessee,TN,United States
Epioblasma capsaeformis,Alabama,AL,United States
Epioblasma capsaeformis,Virginia,VA,United States
Epioblasma capsaeformis,Kentucky,KY,United States
Corynorhinus (=Plecotus) townsendii ingens,Oklahoma,OK,United States
Corynorhinus (=Plecotus) townsendii ingens,Arkansas,AR,United States
Corynorhinus (=Plecotus) townsendii ingens,Missouri,MO,United States
Amblyopsis rosae,Oklahoma,OK,United States
Amblyopsis rosae,Missouri,MO,United States
Amblyopsis rosae,Arkansas,AR,United States
Amblyopsis rosae,Kansas,KS,United States
Cryptobranchus alleganiensis bishopi,Missouri,MO,United States
Cryptobranchus alleganiensis bishopi,Missouri,MO,United States
Cryptobranchus alleganiensis bishopi,Arkansas,AR,United States
Cryptobranchus alleganiensis bishopi,Arkansas,AR,United States
Megalagrion pacificum,Hawaii,HI,United States
Ipomopsis polyantha,Colorado,CO,United States
Ipomopsis polyantha,Colorado,CO,United States
Oncorhynchus clarkii seleniris,California,CA,United States
Scaphirhynchus albus,South Dakota,SD,United States
Scaphirhynchus albus,Tennessee,TN,United States
Scaphirhynchus albus,Kansas,KS,United States
Scaphirhynchus albus,Tennessee,TN,United States
Scaphirhynchus albus,South Dakota,SD,United States
Scaphirhynchus albus,Kansas,KS,United States
Scaphirhynchus albus,Arkansas,AR,United States
Scaphirhynchus albus,Arkansas,AR,United States
Scaphirhynchus albus,Nebraska,NE,United States
Scaphirhynchus albus,Nebraska,NE,United States
Scaphirhynchus albus,Louisiana,LA,United States
Scaphirhynchus albus,Louisiana,LA,United States
Scaphirhynchus albus,Montana,MT,United States
Scaphirhynchus albus,Montana,MT,United States
Scaphirhynchus albus,Iowa,IA,United States
Scaphirhynchus albus,Iowa,IA,United States
Scaphirhynchus albus,Mississippi,MS,United States
Scaphirhynchus albus,Mississippi,MS,United States
Scaphirhynchus albus,Illinois,IL,United States
Scaphirhynchus albus,Illinois,IL,United States
Scaphirhynchus albus,North Dakota,ND,United States
Scaphirhynchus albus,Kentucky,KY,United States
Scaphirhynchus albus,Kentucky,KY,United States
Scaphirhynchus albus,Missouri,MO,United States
Scaphirhynchus albus,Missouri,MO,United States
Scaphirhynchus albus,North Dakota,ND,United States
Calyptronoma rivalis,Puerto Rico,PR,United States
Cornutia obovata,Puerto Rico,PR,United States
Banara vanderbiltii,Puerto Rico,PR,United States
Ottoschulzia rhodoxylon,Puerto Rico,PR,United States
Glaucopsyche lygdamus palosverdesensis,California,CA,United States
Procambarus econfinae,Florida,FL,United States
Penstemon debilis,Colorado,CO,United States
Penstemon debilis,Colorado,CO,United States
Penstemon debilis,Utah,UT,United States
Penstemon debilis,Utah,UT,United States
Hesperia leonardus montana,Colorado,CO,United States
Percina aurora,Mississippi,MS,United States
Assiminea pecos,Texas,TX,United States
Assiminea pecos,New Mexico,NM,United States
Sidalcea pedata,California,CA,United States
Astragalus magdalenae var. peirsonii,California,CA,United States
Ovis canadensis nelsoni,California,CA,United States
Eutrema penlandii,Colorado,CO,United States
Penstemon penlandii,Colorado,CO,United States
Peromyscus polionotus trissyllepsis,Florida,FL,United States
Peromyscus polionotus trissyllepsis,Alabama,AL,United States
Lampsilis abrupta,Mississippi,MS,United States
Lampsilis abrupta,Louisiana,LA,United States
Lampsilis abrupta,Georgia,GA,United States
Lampsilis abrupta,Tennessee,TN,United States
Lampsilis abrupta,Ohio,OH,United States
Lampsilis abrupta,Missouri,MO,United States
Lampsilis abrupta,Virginia,VA,United States
Lampsilis abrupta,Kentucky,KY,United States
Lampsilis abrupta,West Virginia,WV,United States
Lampsilis abrupta,Illinois,IL,United States
Lampsilis abrupta,Alabama,AL,United States
Charadrius melodus,Mississippi,MS,United States
Charadrius melodus,Mississippi,MS,Canada
Charadrius melodus,Michigan,MI,United States
Charadrius melodus,Maryland,MD,Canada
Charadrius melodus,Indiana,IN,Canada
Charadrius melodus,Indiana,IN,United States
Charadrius melodus,North Dakota,ND,Canada
Charadrius melodus,Maryland,MD,United States
Charadrius melodus,New Hampshire,NH,United States
Charadrius melodus,Illinois,IL,Canada
Charadrius melodus,Illinois,IL,United States
Charadrius melodus,Maine,ME,United States
Charadrius melodus,Maine,ME,Canada
Charadrius melodus,Rhode Island,RI,United States
Charadrius melodus,Wyoming,WY,Canada
Charadrius melodus,New Hampshire,NH,Canada
Charadrius melodus,South Dakota,SD,United States
Charadrius melodus,Wyoming,WY,United States
Charadrius melodus,South Dakota,SD,Canada
Charadrius melodus,Virginia,VA,Canada
Charadrius melodus,Pennsylvania,PA,Canada
Charadrius melodus,Pennsylvania,PA,United States
Charadrius melodus,Minnesota,MN,Canada
Charadrius melodus,Minnesota,MN,United States
Charadrius melodus,Wisconsin,WI,Canada
Charadrius melodus,Montana,MT,United States
Charadrius melodus,Ohio,OH,Canada
Charadrius melodus,Wisconsin,WI,United States
Charadrius melodus,Montana,MT,Canada
Charadrius melodus,Texas,TX,United States
Charadrius melodus,Texas,TX,Canada
Charadrius melodus,Virginia,VA,United States
Charadrius melodus,New York,NY,United States
Charadrius melodus,New York,NY,Canada
Charadrius melodus,New Mexico,NM,United States
Charadrius melodus,Nebraska,NE,United States
Charadrius melodus,New Jersey,NJ,United States
Charadrius melodus,New Jersey,NJ,Canada
Charadrius melodus,South Carolina,SC,United States
Charadrius melodus,South Carolina,SC,Canada
Charadrius melodus,Rhode Island,RI,Canada
Charadrius melodus,North Dakota,ND,United States
Charadrius melodus,New Mexico,NM,Canada
Charadrius melodus,New York,NY,United States
Charadrius melodus,New York,NY,Canada
Charadrius melodus,Kansas,KS,United States
Charadrius melodus,Kansas,KS,Canada
Charadrius melodus,North Carolina,NC,United States
Charadrius melodus,North Carolina,NC,Canada
Charadrius melodus,Louisiana,LA,United States
Charadrius melodus,Massachusetts,MA,United States
Charadrius melodus,Nebraska,NE,Canada
Charadrius melodus,Iowa,IA,United States
Charadrius melodus,Massachusetts,MA,Canada
Charadrius melodus,Connecticut,CT,United States
Charadrius melodus,Ohio,OH,United States
Charadrius melodus,Iowa,IA,Canada
Charadrius melodus,Michigan,MI,Canada
Charadrius melodus,Florida,FL,United States
Charadrius melodus,Florida,FL,Canada
Charadrius melodus,Connecticut,CT,Canada
Charadrius melodus,Louisiana,LA,Canada
Charadrius melodus,Georgia,GA,United States
Charadrius melodus,Georgia,GA,Canada
Charadrius melodus,Arkansas,AR,United States
Charadrius melodus,Colorado,CO,United States
Charadrius melodus,Colorado,CO,Canada
Charadrius melodus,Delaware,DE,United States
Charadrius melodus,Delaware,DE,Canada
Charadrius melodus,Alabama,AL,United States
Charadrius melodus,Alabama,AL,Canada
Charadrius melodus,Arkansas,AR,Canada
Charadrius melodus,Oklahoma,OK,United States
Charadrius melodus,Oklahoma,OK,Canada
Cirsium pitcheri,Michigan,MI,United States
Cirsium pitcheri,Wisconsin,WI,Canada
Cirsium pitcheri,Indiana,IN,Canada
Cirsium pitcheri,Indiana,IN,United States
Cirsium pitcheri,Wisconsin,WI,United States
Cirsium pitcheri,Illinois,IL,United States
Cirsium pitcheri,Illinois,IL,Canada
Cirsium pitcheri,Michigan,MI,Canada
Ursus maritimus,Alaska,AK,Canada
Ursus maritimus,Alaska,AK,United States
Ursus maritimus,Alaska,AK,Canada
Ursus maritimus,Alaska,AK,United States
Lindera melissifolia,South Carolina,SC,United States
Lindera melissifolia,Alabama,AL,United States
Lindera melissifolia,Mississippi,MS,United States
Lindera melissifolia,Georgia,GA,United States
Lindera melissifolia,North Carolina,NC,United States
Lindera melissifolia,Missouri,MO,United States
Lindera melissifolia,Arkansas,AR,United States
Lespedeza leptostachya,Minnesota,MN,United States
Lespedeza leptostachya,Illinois,IL,United States
Lespedeza leptostachya,Iowa,IA,United States
Lespedeza leptostachya,Wisconsin,WI,United States
Zapus hudsonius preblei,Colorado,CO,United States
Zapus hudsonius preblei,Wyoming,WY,United States
Epicrates inornatus,Puerto Rico,PR,United States
Epicrates inornatus,Puerto Rico,PR,United States
Peltophryne lemur,Puerto Rico,PR,United States
Peltophryne lemur,Puerto Rico,PR,United States
Peltophryne lemur,Puerto Rico,PR,United States
Caprimulgus noctitherus,Puerto Rico,PR,United States
Amazona vittata,Puerto Rico,PR,United States
Amazona vittata,Puerto Rico,PR,United States
Accipiter striatus venator,Puerto Rico,PR,United States
Atlantea tulita,Puerto Rico,PR,United States
Puma (=Felis) concolor (all subsp. except coryi),Florida,FL,United States
Cicindela puritana,Maryland,MD,United States
Cicindela puritana,Connecticut,CT,United States
Cicindela puritana,Massachusetts,MA,United States
Elliptoideus sloatianus,Georgia,GA,United States
Elliptoideus sloatianus,Florida,FL,United States
Elliptoideus sloatianus,Alabama,AL,United States
Villosa perpurpurea,Tennessee,TN,United States
Villosa perpurpurea,Virginia,VA,United States
Epioblasma obliquata obliquata,Alabama,AL,United States
Epioblasma obliquata obliquata,Kentucky,KY,United States
Epioblasma obliquata obliquata,Tennessee,TN,United States
Epioblasma obliquata obliquata,Ohio,OH,United States
Accipiter gentilis laingi,,,Canada
Euphydryas editha quino (=E. e. wrighti),California,CA,United States
Villosa fabalis,Michigan,MI,United States
Villosa fabalis,West Virginia,WV,United States
Villosa fabalis,Kentucky,KY,Canada
Villosa fabalis,Kentucky,KY,United States
Villosa fabalis,Virginia,VA,Canada
Villosa fabalis,Michigan,MI,Canada
Villosa fabalis,Indiana,IN,United States
Villosa fabalis,Indiana,IN,Canada
Villosa fabalis,Tennessee,TN,United States
Villosa fabalis,Tennessee,TN,Canada
Villosa fabalis,Ohio,OH,United States
Villosa fabalis,Ohio,OH,Canada
Villosa fabalis,New York,NY,United States
Villosa fabalis,New York,NY,Canada
Villosa fabalis,Virginia,VA,United States
Villosa fabalis,Pennsylvania,PA,Canada
Villosa fabalis,Pennsylvania,PA,United States
Villosa fabalis,West Virginia,WV,Canada
Xyrauchen texanus,California,CA,United States
Xyrauchen texanus,Utah,UT,United States
Xyrauchen texanus,Nevada,NV,United States
Xyrauchen texanus,New Mexico,NM,United States
Xyrauchen texanus,Arizona,AZ,United States
Xyrauchen texanus,Colorado,CO,United States
Picoides borealis,Georgia,GA,United States
Picoides borealis,Virginia,VA,United States
Picoides borealis,South Carolina,SC,United States
Picoides borealis,Missouri,MO,United States
Picoides borealis,Alabama,AL,United States
Picoides borealis,Louisiana,LA,United States
Picoides borealis,Arkansas,AR,United States
Picoides borealis,Mississippi,MS,United States
Picoides borealis,Florida,FL,United States
Picoides borealis,North Carolina,NC,United States
Picoides borealis,Oklahoma,OK,United States
Picoides borealis,Texas,TX,United States
Loxia curvirostra,North Carolina,NC,United States
Egretta rufescens,Florida,FL,United States
Phaeognathus hubrichti,Alabama,AL,United States
Calidris canutus rufa,Maryland,MD,United States
Calidris canutus rufa,Alabama,AL,Canada
Calidris canutus rufa,Arkansas,AR,United States
Calidris canutus rufa,Michigan,MI,United States
Calidris canutus rufa,Michigan,MI,Canada
Calidris canutus rufa,Louisiana,LA,United States
Calidris canutus rufa,Louisiana,LA,Canada
Calidris canutus rufa,Rhode Island,RI,United States
Calidris canutus rufa,Rhode Island,RI,Canada
Calidris canutus rufa,Montana,MT,United States
Calidris canutus rufa,Montana,MT,Canada
Calidris canutus rufa,North Carolina,NC,United States
Calidris canutus rufa,North Carolina,NC,Canada
Calidris canutus rufa,Indiana,IN,United States
Calidris canutus rufa,Indiana,IN,Canada
Calidris canutus rufa,Illinois,IL,Canada
Calidris canutus rufa,Florida,FL,United States
Calidris canutus rufa,Florida,FL,Canada
Calidris canutus rufa,Mississippi,MS,United States
Calidris canutus rufa,Mississippi,MS,Canada
Calidris canutus rufa,Oklahoma,OK,Canada
Calidris canutus rufa,Delaware,DE,United States
Calidris canutus rufa,Delaware,DE,Canada
Calidris canutus rufa,West Virginia,WV,United States
Calidris canutus rufa,West Virginia,WV,Canada
Calidris canutus rufa,Alabama,AL,United States
Calidris canutus rufa,Nebraska,NE,Canada
Calidris canutus rufa,Illinois,IL,United States
Calidris canutus rufa,North Dakota,ND,Canada
Calidris canutus rufa,North Dakota,ND,United States
Calidris canutus rufa,Connecticut,CT,Canada
Calidris canutus rufa,Arkansas,AR,Canada
Calidris canutus rufa,Virginia,VA,United States
Calidris canutus rufa,Kansas,KS,Canada
Calidris canutus rufa,Kansas,KS,United States
Calidris canutus rufa,Ohio,OH,Canada
Calidris canutus rufa,Ohio,OH,United States
Calidris canutus rufa,Georgia,GA,Canada
Calidris canutus rufa,Massachusetts,MA,Canada
Calidris canutus rufa,Massachusetts,MA,United States
Calidris canutus rufa,New York,NY,Canada
Calidris canutus rufa,New York,NY,United States
Calidris canutus rufa,Virginia,VA,Canada
Calidris canutus rufa,New Hampshire,NH,Canada
Calidris canutus rufa,New Jersey,NJ,Canada
Calidris canutus rufa,Wisconsin,WI,United States
Calidris canutus rufa,Wisconsin,WI,Canada
Calidris canutus rufa,Texas,TX,United States
Calidris canutus rufa,Texas,TX,Canada
Calidris canutus rufa,Missouri,MO,United States
Calidris canutus rufa,New Hampshire,NH,United States
Calidris canutus rufa,Missouri,MO,Canada
Calidris canutus rufa,Maryland,MD,Canada
Calidris canutus rufa,Pennsylvania,PA,United States
Calidris canutus rufa,Pennsylvania,PA,Canada
Calidris canutus rufa,Oklahoma,OK,United States
Calidris canutus rufa,Minnesota,MN,United States
Calidris canutus rufa,Minnesota,MN,Canada
Calidris canutus rufa,South Carolina,SC,United States
Calidris canutus rufa,South Carolina,SC,Canada
Calidris canutus rufa,New Jersey,NJ,United States
Calidris canutus rufa,Connecticut,CT,United States
Calidris canutus rufa,Nebraska,NE,United States
Calidris canutus rufa,Georgia,GA,United States
Calidris canutus rufa,South Dakota,SD,Canada
Calidris canutus rufa,South Dakota,SD,United States
Calidris canutus rufa,Maine,ME,Canada
Calidris canutus rufa,Maine,ME,United States
Rissa brevirostris,Alaska,AK,United States
Canis rufus,Florida,FL,United States
Canis rufus,Florida,FL,United States
Trillium reliquum,South Carolina,SC,United States
Trillium reliquum,South Carolina,SC,United States
Trillium reliquum,Alabama,AL,United States
Trillium reliquum,Alabama,AL,United States
Trillium reliquum,Georgia,GA,United States
Trillium reliquum,Alabama,AL,United States
Trillium reliquum,Georgia,GA,United States
Trillium reliquum,South Carolina,SC,United States
Trillium reliquum,Georgia,GA,United States
Obovaria retusa,Kentucky,KY,United States
Obovaria retusa,Tennessee,TN,United States
Obovaria retusa,Alabama,AL,United States
Hybognathus amarus,New Mexico,NM,United States
Hybognathus amarus,Texas,TX,United States
Sylvilagus bachmani riparius,California,CA,United States
Neotoma fuscipes riparia,California,CA,United States
Sterna dougallii dougallii,Virginia,VA,United States
Sterna dougallii dougallii,New Jersey,NJ,Canada
Sterna dougallii dougallii,New Jersey,NJ,United States
Sterna dougallii dougallii,New Hampshire,NH,Canada
Sterna dougallii dougallii,North Carolina,NC,United States
Sterna dougallii dougallii,Massachusetts,MA,United States
Sterna dougallii dougallii,New York,NY,Canada
Sterna dougallii dougallii,North Carolina,NC,Canada
Sterna dougallii dougallii,Virgin Islands,VI,United States
Sterna dougallii dougallii,Puerto Rico,PR,United States
Sterna dougallii dougallii,Rhode Island,RI,United States
Sterna dougallii dougallii,Rhode Island,RI,Canada
Sterna dougallii dougallii,New York,NY,United States
Sterna dougallii dougallii,Virginia,VA,Canada
Sterna dougallii dougallii,Connecticut,CT,United States
Sterna dougallii dougallii,Florida,FL,United States
Sterna dougallii dougallii,Massachusetts,MA,Canada
Sterna dougallii dougallii,Maine,ME,Canada
Sterna dougallii dougallii,Maine,ME,United States
Sterna dougallii dougallii,New Hampshire,NH,United States
Sterna dougallii dougallii,Connecticut,CT,Canada
Pyrgulopsis roswellensis,New Mexico,NM,United States
Lysimachia asperulaefolia,South Carolina,SC,United States
Lysimachia asperulaefolia,North Carolina,NC,United States
Pleurobema plenum,Virginia,VA,United States
Pleurobema plenum,Alabama,AL,United States
Pleurobema plenum,Indiana,IN,United States
Pleurobema plenum,Tennessee,TN,United States
Pleurobema plenum,Kentucky,KY,United States
Plagiobothrys hirtus,Oregon,OR,United States
Plagiobothrys hirtus,Oregon,OR,United States
Neofiber alleni,Florida,FL,United States
Oxyura jamaicensis jamaicensis,Puerto Rico,PR,United States
Oxyura jamaicensis jamaicensis,Virgin Islands,VI,United States
Trifolium stoloniferum,Kentucky,KY,United States
Trifolium stoloniferum,Arkansas,AR,United States
Trifolium stoloniferum,Missouri,MO,United States
Trifolium stoloniferum,West Virginia,WV,United States
Trifolium stoloniferum,Pennsylvania,PA,United States
Trifolium stoloniferum,Indiana,IN,United States
Trifolium stoloniferum,Ohio,OH,United States
Etheostoma phytophilum,Alabama,AL,United States
Bombus affinis,Virginia,VA,United States
Bombus affinis,Massachusetts,MA,United States
Bombus affinis,Illinois,IL,United States
Bombus affinis,Wisconsin,WI,United States
Bombus affinis,Ohio,OH,United States
Bombus affinis,West Virginia,WV,United States
Bombus affinis,Indiana,IN,United States
Bombus affinis,Iowa,IA,United States
Bombus affinis,Minnesota,MN,United States
Bombus affinis,Maine,ME,United States
Eurycea chisholmensis,Texas,TX,United States
Eurycea chisholmensis,Texas,TX,United States
Cordylanthus maritimus ssp. maritimus,California,CA,United States
Ammospiza caudacuta,South Carolina,SC,United States
Crocodylus porosus,Palau,PW,United States
Dipodomys merriami parvus,California,CA,United States
Callophrys mossii bayensis,California,CA,United States
Ambrosia pumila,California,CA,United States
Lepus californicus bennettii,California,CA,United States
Eryngium aristulatum var. parishii,California,CA,United States
Branchinecta sandiegonensis,California,CA,United States
Pogogyne abramsii,California,CA,United States
Acanthomintha ilicifolia,California,CA,United States
Neoseps reynoldsi,Florida,FL,United States
Vulpes macrotis mutica,California,CA,United States
Eurycea nana,Texas,TX,United States
Eurycea nana,Texas,TX,United States
Catostomus santaanae,California,CA,United States
Melospiza melodia graminea,California,CA,United States
Dudleya cymosa ssp. ovatifolia,California,CA,United States
Dudleya cymosa ssp. ovatifolia,California,CA,United States
Amaranthus pumilus,Maryland,MD,United States
Amaranthus pumilus,New York,NY,United States
Amaranthus pumilus,Virginia,VA,United States
Amaranthus pumilus,South Carolina,SC,United States
Amaranthus pumilus,New Jersey,NJ,United States
Amaranthus pumilus,North Carolina,NC,United States
Amaranthus pumilus,Delaware,DE,United States
Amaranthus pumilus,Massachusetts,MA,United States
Accipiter striatus,California,CA,United States
Plethobasus cyphyus,West Virginia,WV,United States
Plethobasus cyphyus,Minnesota,MN,United States
Plethobasus cyphyus,Pennsylvania,PA,United States
Plethobasus cyphyus,Pennsylvania,PA,United States
Plethobasus cyphyus,Minnesota,MN,United States
Plethobasus cyphyus,Iowa,IA,United States
Plethobasus cyphyus,Iowa,IA,United States
Plethobasus cyphyus,Mississippi,MS,United States
Plethobasus cyphyus,Tennessee,TN,United States
Plethobasus cyphyus,Tennessee,TN,United States
Plethobasus cyphyus,Alabama,AL,United States
Plethobasus cyphyus,Alabama,AL,United States
Plethobasus cyphyus,Indiana,IN,United States
Plethobasus cyphyus,West Virginia,WV,United States
Plethobasus cyphyus,Kentucky,KY,United States
Plethobasus cyphyus,Indiana,IN,United States
Plethobasus cyphyus,Virginia,VA,United States
Plethobasus cyphyus,Wisconsin,WI,United States
Plethobasus cyphyus,Wisconsin,WI,United States
Plethobasus cyphyus,Missouri,MO,United States
Plethobasus cyphyus,Missouri,MO,United States
Plethobasus cyphyus,Kentucky,KY,United States
Plethobasus cyphyus,Virginia,VA,United States
Plethobasus cyphyus,Mississippi,MS,United States
Plethobasus cyphyus,Illinois,IL,United States
Plethobasus cyphyus,Illinois,IL,United States
Plethobasus cyphyus,Ohio,OH,United States
Plethobasus cyphyus,Ohio,OH,United States
Plethodon shenandoah,Virginia,VA,United States
Fusconaia cor,Tennessee,TN,United States
Fusconaia cor,Alabama,AL,United States
Fusconaia cor,Virginia,VA,United States
Lampsilis subangulata,Alabama,AL,United States
Lampsilis subangulata,Georgia,GA,United States
Lampsilis subangulata,Florida,FL,United States
Chasmistes brevirostris,Oregon,OR,United States
Chasmistes brevirostris,California,CA,United States
Solidago shortii,Kentucky,KY,United States
Solidago shortii,Indiana,IN,United States
Phoebastria (=Diomedea) albatrus,California,CA,United States
Phoebastria (=Diomedea) albatrus,California,CA,United States
Phoebastria (=Diomedea) albatrus,Washington,WA,United States
Phoebastria (=Diomedea) albatrus,Washington,WA,United States
Phoebastria (=Diomedea) albatrus,Oregon,OR,United States
Phoebastria (=Diomedea) albatrus,Oregon,OR,United States
Phoebastria (=Diomedea) albatrus,Alaska,AK,United States
Phoebastria (=Diomedea) albatrus,Alaska,AK,United States
Phoebastria (=Diomedea) albatrus,Hawaii,HI,United States
Phoebastria (=Diomedea) albatrus,Hawaii,HI,United States
Trifolium amoenum,California,CA,United States
Ovis canadensis sierrae,California,CA,United States
Pleuronaia dolabelloides,North Carolina,NC,United States
Pleuronaia dolabelloides,Alabama,AL,United States
Pleuronaia dolabelloides,Mississippi,MS,United States
Pleuronaia dolabelloides,Kentucky,KY,United States
Pleuronaia dolabelloides,Virginia,VA,United States
Pleuronaia dolabelloides,Tennessee,TN,United States
Erimystax cahni,Tennessee,TN,United States
Erimystax cahni,Virginia,VA,United States
Coryphantha sneedii var. sneedii,New Mexico,NM,United States
Coryphantha sneedii var. sneedii,Texas,TX,United States
Melospiza melodia maxillaris,California,CA,United States
Melospiza melodia pusillula,California,CA,United States
Melospiza melodia samuelis,California,CA,United States
Gila ditaenia,Arizona,AZ,United States
Antilocapra americana sonoriensis,Arizona,AZ,United States
Falco sparverius paulus,Florida,FL,United States
Peromyscus polionotus niveiventris,Florida,FL,United States
Pleurobema decisum,Mississippi,MS,United States
Pleurobema decisum,Georgia,GA,United States
Pleurobema decisum,Alabama,AL,United States
Pleurobema decisum,Tennessee,TN,United States
Epioblasma penita,Alabama,AL,United States
Epioblasma penita,Mississippi,MS,United States
Eriogonum kennedyi var. austromontanum,California,CA,United States
Pleurobema georgianum,Georgia,GA,United States
Pleurobema georgianum,Alabama,AL,United States
Pleurobema georgianum,Tennessee,TN,United States
Hamiota australis,Florida,FL,United States
Hamiota australis,Alabama,AL,United States
Enhydra lutris nereis,California,CA,United States
Empidonax traillii extimus,California,CA,United States
Empidonax traillii extimus,Utah,UT,United States
Empidonax traillii extimus,Nevada,NV,United States
Empidonax traillii extimus,New Mexico,NM,United States
Empidonax traillii extimus,Texas,TX,United States
Empidonax traillii extimus,Arizona,AZ,United States
Empidonax traillii extimus,Colorado,CO,United States
Somateria fischeri,Alaska,AK,United States
Pipilo maculatus clementae,California,CA,United States
Geum radiatum,North Carolina,NC,United States
Geum radiatum,Tennessee,TN,United States
Navarretia fossalis,California,CA,United States
Navarretia fossalis,California,CA,United States
Centaurium namophilum,Nevada,NV,United States
Centaurium namophilum,Nevada,NV,United States
Ameiva polops,Virgin Islands,VI,United States
Polysticta stelleri,Alaska,AK,United States
Polysticta stelleri,Alaska,AK,United States
Dipodomys stephensi (incl. D. cascus),California,CA,United States
Faxonius quadruncus,Missouri,MO,United States
Eremophila alpestris strigata,Washington,WA,United States
Eremophila alpestris strigata,Oregon,OR,United States
Medionidus walkeri,Georgia,GA,United States
Medionidus walkeri,Florida,FL,United States
Helonias bullata,Maryland,MD,United States
Helonias bullata,New Jersey,NJ,United States
Helonias bullata,Virginia,VA,United States
Helonias bullata,Georgia,GA,United States
Helonias bullata,North Carolina,NC,United States
Helonias bullata,Delaware,DE,United States
Helonias bullata,South Carolina,SC,United States
Epioblasma florentina walkeri (=E. walkeri),West Virginia,WV,United States
Epioblasma florentina walkeri (=E. walkeri),Kentucky,KY,United States
Epioblasma florentina walkeri (=E. walkeri),Virginia,VA,United States
Epioblasma florentina walkeri (=E. walkeri),Tennessee,TN,United States
Elliptio steinstansana,North Carolina,NC,United States
Euphydryas editha taylori,Washington,WA,United States
Euphydryas editha taylori,Oregon,OR,United States
Euphorbia telephioides,Florida,FL,United States
Euphorbia telephioides,Florida,FL,United States
Typhlomolge rathbuni,Texas,TX,United States
Typhlomolge rathbuni,Texas,TX,United States
Zizania texana,Texas,TX,United States
Brodiaea filifolia,California,CA,United States
Brodiaea filifolia,California,CA,United States
Pyrgulopsis trivialis,Arizona,AZ,United States
Sclerocactus brevihamatus ssp. tobuschii,Texas,TX,United States
Notropis topeka (=tristis),Iowa,IA,United States
Notropis topeka (=tristis),South Dakota,SD,United States
Notropis topeka (=tristis),Nebraska,NE,United States
Notropis topeka (=tristis),Nebraska,NE,United States
Notropis topeka (=tristis),Missouri,MO,United States
Notropis topeka (=tristis),Missouri,MO,United States
Notropis topeka (=tristis),Kansas,KS,United States
Notropis topeka (=tristis),Kansas,KS,United States
Notropis topeka (=tristis),Minnesota,MN,United States
Notropis topeka (=tristis),Minnesota,MN,United States
Notropis topeka (=tristis),Iowa,IA,United States
Notropis topeka (=tristis),South Dakota,SD,United States
Gasterosteus aculeatus williamsoni,California,CA,United States
Eugenia haematocarpa,Puerto Rico,PR,United States
Buxus vahlii,Puerto Rico,PR,United States
Buxus vahlii,Virgin Islands,VI,United States
Desmocerus californicus dimorphus,California,CA,United States
Corynorhinus (=Plecotus) townsendii virginianus,North Carolina,NC,United States
Corynorhinus (=Plecotus) townsendii virginianus,Virginia,VA,United States
Corynorhinus (=Plecotus) townsendii virginianus,West Virginia,WV,United States
Corynorhinus (=Plecotus) townsendii virginianus,Tennessee,TN,United States
Corynorhinus (=Plecotus) townsendii virginianus,Kentucky,KY,United States
Betula uber,Virginia,VA,United States
Betula uber,Virginia,VA,United States
Betula uber,Virginia,VA,United States
Betula uber,Virginia,VA,United States
Chilabothrus granti,Puerto Rico,PR,United States
Chilabothrus granti,Puerto Rico,PR,United States
Chilabothrus granti,Virgin Islands,VI,United States
Chilabothrus granti,Virgin Islands,VI,United States
Athene cunicularia ssp. hypugaea,Colorado,CO,United States
Athene cunicularia ssp. hypugaea,Colorado,CO,Canada
Platanthera praeclara,North Dakota,ND,Canada
Platanthera praeclara,South Dakota,SD,Canada
Platanthera praeclara,South Dakota,SD,Canada
Platanthera praeclara,Kansas,KS,United States
Platanthera praeclara,Kansas,KS,United States
Platanthera praeclara,Kansas,KS,Canada
Platanthera praeclara,Kansas,KS,Canada
Platanthera praeclara,Missouri,MO,United States
Platanthera praeclara,Missouri,MO,United States
Platanthera praeclara,Missouri,MO,Canada
Platanthera praeclara,Missouri,MO,Canada
Platanthera praeclara,Minnesota,MN,United States
Platanthera praeclara,Minnesota,MN,United States
Platanthera praeclara,Minnesota,MN,Canada
Platanthera praeclara,Minnesota,MN,Canada
Platanthera praeclara,North Dakota,ND,United States
Platanthera praeclara,North Dakota,ND,United States
Platanthera praeclara,North Dakota,ND,Canada
Platanthera praeclara,Colorado,CO,United States
Platanthera praeclara,Colorado,CO,United States
Platanthera praeclara,Colorado,CO,Canada
Platanthera praeclara,Colorado,CO,Canada
Platanthera praeclara,Wyoming,WY,United States
Platanthera praeclara,Wyoming,WY,United States
Platanthera praeclara,Wyoming,WY,Canada
Platanthera praeclara,Wyoming,WY,Canada
Platanthera praeclara,Iowa,IA,United States
Platanthera praeclara,Iowa,IA,United States
Platanthera praeclara,Iowa,IA,Canada
Platanthera praeclara,Iowa,IA,Canada
Platanthera praeclara,Nebraska,NE,United States
Platanthera praeclara,Nebraska,NE,United States
Platanthera praeclara,Nebraska,NE,Canada
Platanthera praeclara,Nebraska,NE,Canada
Platanthera praeclara,South Dakota,SD,United States
Platanthera praeclara,South Dakota,SD,United States
Charadrius nivosus nivosus,California,CA,United States
Charadrius nivosus nivosus,Washington,WA,United States
Charadrius nivosus nivosus,Oregon,OR,United States
Trichechus manatus,Virginia,VA,United States
Trichechus manatus,Florida,FL,United States
Trichechus manatus,North Carolina,NC,United States
Trichechus manatus,Louisiana,LA,United States
Trichechus manatus,Alabama,AL,United States
Trichechus manatus,Georgia,GA,United States
Trichechus manatus,Mississippi,MS,United States
Trichechus manatus,South Carolina,SC,United States
Trichechus manatus,New Jersey,NJ,United States
Trichechus manatus,Puerto Rico,PR,United States
Trichechus manatus,Texas,TX,United States
Trichechus manatus,Delaware,DE,United States
Trichechus manatus,Maryland,MD,United States
Dendrocygna arborea,Puerto Rico,PR,United States
Dendrocygna arborea,Virgin Islands,VI,United States
Epioblasma obliquata perobliqua,Ohio,OH,United States
Epioblasma obliquata perobliqua,Indiana,IN,United States
Patagioenas leucocephala,Florida,FL,United States
Plegadis chihi,Colorado,CO,United States
Platanthera integrilabia,Mississippi,MS,United States
Platanthera integrilabia,Tennessee,TN,United States
Platanthera integrilabia,Georgia,GA,United States
Platanthera integrilabia,Alabama,AL,United States
Platanthera integrilabia,South Carolina,SC,United States
Platanthera integrilabia,Kentucky,KY,United States
Acipenser transmontanus,Idaho,ID,United States
Acipenser transmontanus,Montana,MT,United States
Acipenser transmontanus,Montana,MT,Canada
Acipenser transmontanus,Idaho,ID,Canada
Grus americana,Kansas,KS,United States
Grus americana,Nebraska,NE,Canada
Grus americana,Wisconsin,WI,United States
Grus americana,Wisconsin,WI,Canada
Grus americana,Kansas,KS,Canada
Grus americana,Texas,TX,United States
Grus americana,Texas,TX,Canada
Grus americana,Oklahoma,OK,United States
Grus americana,Oklahoma,OK,Canada
Grus americana,North Dakota,ND,United States
Grus americana,North Dakota,ND,Canada
Grus americana,Montana,MT,United States
Grus americana,Montana,MT,Canada
Grus americana,South Dakota,SD,United States
Grus americana,South Dakota,SD,Canada
Grus americana,Nebraska,NE,United States
Monardella viminea,California,CA,United States
Quadrula fragosa,Minnesota,MN,United States
Quadrula fragosa,Tennessee,TN,United States
Quadrula fragosa,Arkansas,AR,United States
Quadrula fragosa,Missouri,MO,United States
Quadrula fragosa,Oklahoma,OK,United States
Quadrula fragosa,Oklahoma,OK,United States
Quadrula fragosa,Minnesota,MN,United States
Quadrula fragosa,Arkansas,AR,United States
Quadrula fragosa,Wisconsin,WI,United States
Quadrula fragosa,Tennessee,TN,United States
Quadrula fragosa,Missouri,MO,United States
Quadrula fragosa,Wisconsin,WI,United States
Bison bison athabascae,Alaska,AK,United States
Bison bison athabascae,Alaska,AK,Canada
Rangifer tarandus caribou,Washington,WA,United States
Rangifer tarandus caribou,Washington,WA,Canada
Rangifer tarandus caribou,Idaho,ID,United States
Rangifer tarandus caribou,Idaho,ID,Canada
Mycteria americana,South Carolina,SC,United States
Mycteria americana,Georgia,GA,United States
Mycteria americana,Georgia,GA,United States
Mycteria americana,Georgia,GA,United States
Mycteria americana,Alabama,AL,United States
Mycteria americana,Alabama,AL,United States
Mycteria americana,Alabama,AL,United States
Mycteria americana,North Carolina,NC,United States
Mycteria americana,North Carolina,NC,United States
Mycteria americana,North Carolina,NC,United States
Mycteria americana,Mississippi,MS,United States
Mycteria americana,Mississippi,MS,United States
Mycteria americana,Mississippi,MS,United States
Mycteria americana,Florida,FL,United States
Mycteria americana,Florida,FL,United States
Mycteria americana,Florida,FL,United States
Mycteria americana,South Carolina,SC,United States
Mycteria americana,South Carolina,SC,United States
Plagopterus argentissimus,Arizona,AZ,United States
Plagopterus argentissimus,Utah,UT,United States
Plagopterus argentissimus,Nevada,NV,United States
Bufo hemiophrys baxteri,Wyoming,WY,United States
Coccyzus americanus,New Mexico,NM,Canada
Coccyzus americanus,New Mexico,NM,United States
Coccyzus americanus,Colorado,CO,Canada
Coccyzus americanus,Colorado,CO,United States
Coccyzus americanus,Wyoming,WY,Canada
Coccyzus americanus,Wyoming,WY,United States
Coccyzus americanus,Texas,TX,United States
Coccyzus americanus,Texas,TX,Canada
Coccyzus americanus,Nevada,NV,Canada
Coccyzus americanus,Nevada,NV,United States
Coccyzus americanus,California,CA,Canada
Coccyzus americanus,California,CA,United States
Coccyzus americanus,Utah,UT,Canada
Coccyzus americanus,Utah,UT,United States
Coccyzus americanus,Montana,MT,Canada
Coccyzus americanus,Montana,MT,United States
Coccyzus americanus,Arizona,AZ,United States
Coccyzus americanus,Arizona,AZ,Canada
Coccyzus americanus,Idaho,ID,United States
Coccyzus americanus,Idaho,ID,Canada
Coccyzus americanus,Oregon,OR,United States
Coccyzus americanus,Oregon,OR,Canada
Coccyzus americanus,Washington,WA,United States
Coccyzus americanus,Washington,WA,Canada
Epioblasma florentina florentina,Tennessee,TN,United States
Etheostoma moorei,Arkansas,AR,United States
Lampsilis cariosa,North Carolina,NC,United States
Lampsilis cariosa,North Carolina,NC,Canada
Agelaius xanthomus,Puerto Rico,PR,United States
Rallus obsoletus [=longirostris] yumanensis,Arizona,AZ,United States
Rallus obsoletus [=longirostris] yumanensis,California,CA,United States
