"common_name","esa_status","species_group","country"
"Abbott's booby","Endangered","Birds","Christmas Island"
"Acklins ground iguana","Threatened","Reptiles","Bahamas"
"African elephant","Threatened","Mammals","Sudan"
"African elephant","Threatened","Mammals","Sierra Leone"
"African elephant","Threatened","Mammals","Kenya"
"African elephant","Threatened","Mammals","Congo (Zaire)"
"African elephant","Threatened","Mammals","Cameroon"
"African elephant","Threatened","Mammals","Uganda"
"African elephant","Threatened","Mammals","Central African Republic"
"African elephant","Threatened","Mammals","Nigeria"
"African elephant","Threatened","Mammals","Chad"
"African elephant","Threatened","Mammals","Burkina Faso"
"African elephant","Threatened","Mammals","Togo"
"African elephant","Threatened","Mammals","Niger"
"African elephant","Threatened","Mammals","Gabon"
"African elephant","Threatened","Mammals","Senegal"
"African elephant","Threatened","Mammals","Tanzania"
"African elephant","Threatened","Mammals","Mauritania"
"African elephant","Threatened","Mammals","Ivory Coast"
"African elephant","Threatened","Mammals","Benin"
"African elephant","Threatened","Mammals","Congo"
"African elephant","Threatened","Mammals","Liberia"
"African elephant","Threatened","Mammals","Ghana"
"African elephant","Threatened","Mammals","Mali"
"African elephant","Threatened","Mammals","Guinea"
"African elephant","Threatened","Mammals","Burundi"
"African viviparous toads","Endangered","Amphibians","Guinea"
"African viviparous toads","Endangered","Amphibians","Liberia"
"African viviparous toads","Endangered","Amphibians","Ivory Coast"
"African viviparous toads","Endangered","Amphibians","Ethiopia"
"African viviparous toads","Endangered","Amphibians","Cameroon"
"African viviparous toads","Endangered","Amphibians","Tanzania"
"Akekee","Endangered","Birds","United States"
"Akikiki","Endangered","Birds","United States"
"Alabama beach mouse","Endangered","Mammals","United States"
"Alabama canebrake pitcher-plant","Endangered","Flowering Plants","United States"
"Alabama lampmussel","Endangered","Clams","United States"
"Alabama leather flower","Endangered","Flowering Plants","United States"
"Alabama moccasinshell","Threatened","Clams","United States"
"Alabama pearlshell","Endangered","Clams","United States"
"Allen's Cay iguana","Threatened","Reptiles","Bahamas"
"American alligator","Threatened","Reptiles","United States"
"American burying beetle","Threatened","Insects","Canada"
"American burying beetle","Threatened","Insects","United States"
"American crocodile","Threatened","Reptiles","Colombia"
"American crocodile","Threatened","Reptiles","Haiti"
"American crocodile","Threatened","Reptiles","Guatemala"
"American crocodile","Threatened","Reptiles","Mexico"
"American crocodile","Threatened","Reptiles","El Salvador"
"American crocodile","Threatened","Reptiles","Peru"
"American crocodile","Threatened","Reptiles","Ecuador"
"American crocodile","Threatened","Reptiles","Costa Rica"
"American crocodile","Threatened","Reptiles","Honduras"
"American crocodile","Threatened","Reptiles","Jamaica"
"American crocodile","Threatened","Reptiles","Belize"
"American crocodile","Threatened","Reptiles","Dominican Republic"
"American crocodile","Threatened","Reptiles","Venezuela"
"American crocodile","Threatened","Reptiles","Nicaragua"
"American crocodile","Threatened","Reptiles","United States"
"American crocodile","Threatened","Reptiles","Cuba"
"Amsterdam Albatross","Endangered","Birds","French Southern Territories"
"Anastasia Island beach mouse","Endangered","Mammals","United States"
"Andean condor","Endangered","Birds","Argentina"
"Andean condor","Endangered","Birds","Chile"
"Andean condor","Endangered","Birds","Colombia"
"Andros Island ground iguana","Threatened","Reptiles","Bahamas"
"Anegada ground iguana","Endangered","Reptiles","British Virgin Islands"
"Angulated tortoise","Endangered","Reptiles","Madagascar"
"Apache trout","Threatened","Fishes","United States"
"Apaporis River caiman","Endangered","Reptiles","Colombia"
"Apennine chamois","Endangered","Mammals","Italy"
"Applegate's milk-vetch","Endangered","Flowering Plants","United States"
"Arabian gazelle","Endangered","Mammals","Israel"
"Arabian gazelle","Endangered","Mammals","Egypt"
"Arabian ostrich","Endangered","Birds","Saudi Arabia"
"Arabian ostrich","Endangered","Birds","Jordan"
"Arabian tahr","Endangered","Mammals","Oman"
"Argali","Threatened","Mammals","Mongolia"
"Argali","Threatened","Mammals","Tajikistan"
"Argali","Endangered","Mammals","Russia"
"Argali","Endangered","Mammals","Afghanistan"
"Argali","Endangered","Mammals","Kazakstan"
"Argali","Endangered","Mammals","Uzbekistan"
"Argali","Endangered","Mammals","India"
"Argali","Endangered","Mammals","Pakistan"
"Argali","Endangered","Mammals","China"
"Argali","Threatened","Mammals","Kyrgyzstan"
"Argali","Endangered","Mammals","Nepal"
"Arizona hedgehog cactus","Endangered","Flowering Plants","United States"
"Arkansas fatmucket","Threatened","Clams","United States"
"Arroyo (=arroyo southwestern) toad","Endangered","Amphibians","Mexico"
"Arroyo (=arroyo southwestern) toad","Endangered","Amphibians","United States"
"Aruba Island rattlesnake","Threatened","Reptiles","Aruba"
"Ash Meadows Amargosa pupfish","Endangered","Fishes","United States"
"Ash Meadows gumplant","Threatened","Flowering Plants","United States"
"Ash Meadows ivesia","Threatened","Flowering Plants","United States"
"Ash meadows milk-vetch","Threatened","Flowering Plants","United States"
"Ash Meadows naucorid","Threatened","Insects","United States"
"Ash Meadows speckled dace","Endangered","Fishes","United States"
"Asian tapir","Endangered","Mammals","Vietnam"
"Asian tapir","Endangered","Mammals","Thailand"
"Asian tapir","Endangered","Mammals","Myanmar (Burma)"
"Asian tapir","Endangered","Mammals","Indonesia"
"Asian tapir","Endangered","Mammals","Cambodia"
"Asian tapir","Endangered","Mammals","Laos"
"Asian tapir","Endangered","Mammals","Malaysia"
"Atlantic puffin","Species of Concern","Birds","United States"
"Atlantic salmon","Endangered","Fishes","United States"
"Atlantic sturgeon (Gulf subspecies)","Threatened","Fishes","United States"
"Audubon's crested caracara","Threatened","Birds","United States"
"Austin blind Salamander","Endangered","Amphibians","United States"
"Azores wood pigeon","Endangered","Birds","Portugal"
"Bachman's sparrow","Species of Concern","Birds","United States"
"Bactrian camel","Endangered","Mammals","Mongolia"
"Bactrian camel","Endangered","Mammals","China"
"Bactrian deer","Endangered","Mammals","Afghanistan"
"Bahaman or Cuban parrot","Endangered","Birds","Cayman Islands"
"Bahaman or Cuban parrot","Endangered","Birds","Bahamas"
"Bahaman or Cuban parrot","Endangered","Birds","Cuba"
"Band-rumped storm-petrel","Endangered","Birds","United States"
"Bannerman's turaco","Endangered","Birds","Cameroon"
"Barbados yellow warbler (=wood)","Endangered","Birds","Barbados"
"Barton Springs salamander","Endangered","Amphibians","United States"
"Bay checkerspot butterfly","Threatened","Insects","United States"
"Beach layia","Endangered","Flowering Plants","United States"
"Beautiful goetzea","Endangered","Flowering Plants","United States"
"Beautiful goetzea","Endangered","Flowering Plants","Puerto Rico"
"Beautiful shiner","Threatened","Fishes","United States"
"Beautiful shiner","Threatened","Fishes","Mexico"
"Behren's silverspot butterfly","Endangered","Insects","United States"
"Benton County cave crayfish","Endangered","Crustaceans","United States"
"Big Bend gambusia","Endangered","Fishes","United States"
"Big Creek Crayfish","Threatened","Crustaceans","United States"
"Black-capped petrel","Threatened","Birds","Haiti"
"Black-capped petrel","Threatened","Birds","United States"
"Black-faced impala","Endangered","Mammals","Namibia"
"Black-faced impala","Endangered","Mammals","Angola"
"Black-footed ferret","Endangered","Mammals","Mexico"
"Black-footed ferret","Endangered","Mammals","United States"
"Black-fronted piping-guan","Endangered","Birds","Argentina"
"Black-necked Crane","Endangered","Birds","China"
"Black pine snake","Threatened","Reptiles","United States"
"Black Rail","Species of Concern","Birds","United States"
"Black tern","Species of Concern","Birds","United States"
"Black tern","Species of Concern","Birds","Canada"
"Black toad","Species of Concern","Amphibians","United States"
"Black warrior (=Sipsey Fork) Waterdog","Endangered","Amphibians","United States"
"Blowout penstemon","Endangered","Flowering Plants","United States"
"Blunt-nosed leopard lizard","Endangered","Reptiles","United States"
"Blyth's tragopan pheasant","Endangered","Birds","China"
"Blyth's tragopan pheasant","Endangered","Birds","Myanmar (Burma)"
"Blyth's tragopan pheasant","Endangered","Birds","India"
"bog turtle","Threatened","Reptiles","United States"
"Bolson tortoise","Endangered","Reptiles","Mexico"
"Bonytail","Endangered","Fishes","United States"
"Brindled nail-tailed wallaby","Endangered","Mammals","Australia"
"Bristle-thighed curlew","Species of Concern","Birds","United States"
"Brother's Island tuatara","Endangered","Reptiles","New Zealand"
"Brown bear","Endangered","Mammals","Italy"
"Brown bear","Endangered","Mammals","China"
"Brown eared pheasant","Endangered","Birds","China"
"Buena Vista Lake ornate Shrew","Endangered","Mammals","United States"
"Bull Trout","Threatened","Fishes","United States"
"Bunched arrowhead","Endangered","Flowering Plants","United States"
"Cabot's tragopan pheasant","Endangered","Birds","China"
"Cabrera's hutia","Endangered","Mammals","Cuba"
"California clapper rail","Endangered","Birds","United States"
"California condor","Endangered","Birds","United States"
"California least tern","Endangered","Birds","United States"
"California least tern","Endangered","Birds","Mexico"
"California red-legged frog","Threatened","Amphibians","Mexico"
"California red-legged frog","Threatened","Amphibians","United States"
"California seablite","Endangered","Flowering Plants","United States"
"California tiger Salamander","Threatened","Amphibians","United States"
"California tiger Salamander","Endangered","Amphibians","United States"
"Callippe silverspot butterfly","Endangered","Insects","United States"
"Campbell Island flightless teal","Endangered","Birds","New Zealand"
"Canada Lynx","Threatened","Mammals","United States"
"Canarian black oystercatcher","Endangered","Birds","Spain"
"Canby's dropwort","Endangered","Flowering Plants","United States"
"Candy darter","Endangered","Fishes","United States"
"Cape Sable seaside sparrow","Endangered","Birds","United States"
"Capped Langur","Endangered","Mammals","Myanmar (Burma)"
"Capped Langur","Endangered","Mammals","Bangladesh"
"Capped Langur","Endangered","Mammals","India"
"Carolina heelsplitter","Endangered","Clams","United States"
"Casey's June Beetle","Endangered","Insects","United States"
"Cayman Brac ground iguana","Threatened","Reptiles","Cayman Islands"
"Central American river turtle","Endangered","Reptiles","Belize"
"Central American river turtle","Endangered","Reptiles","Mexico"
"Central American river turtle","Endangered","Reptiles","Guatemala"
"Central American tapir","Endangered","Mammals","Ecuador"
"Central American tapir","Endangered","Mammals","Colombia"
"Central American tapir","Endangered","Mammals","Mexico"
"Chatham Island robin","Endangered","Birds","New Zealand"
"Cheat Mountain salamander","Threatened","Amphibians","United States"
"Cheetah","Endangered","Mammals","India"
"Cherokee darter","Threatened","Fishes","United States"
"Chihuahua chub","Threatened","Fishes","Mexico"
"Chihuahua chub","Threatened","Fishes","United States"
"Chinese alligator","Endangered","Reptiles","China"
"Chinese egret","Endangered","Birds","North Korea"
"Chinese egret","Endangered","Birds","China"
"Chinese egret","Endangered","Birds","South Korea"
"Chinese giant salamander","Endangered","Amphibians","China"
"Chinese monal pheasant","Endangered","Birds","China"
"Chittenango ovate amber snail","Threatened","Snails","United States"
"Chucky Madtom","Endangered","Fishes","United States"
"Chupacallos","Endangered","Flowering Plants","Puerto Rico"
"Chupacallos","Endangered","Flowering Plants","United States"
"Clay-Loving wild buckwheat","Endangered","Flowering Plants","United States"
"Clay phacelia","Endangered","Flowering Plants","United States"
"Clouded leopard","Endangered","Mammals","Taiwan"
"Clubshell","Endangered","Clams","United States"
"Coachella Valley fringe-toed lizard","Threatened","Reptiles","United States"
"Cobana negra","Threatened","Flowering Plants","Puerto Rico"
"Cobana negra","Threatened","Flowering Plants","United States"
"Cobana negra","Threatened","Flowering Plants","Dominican Republic"
"Colorado hookless Cactus","Threatened","Flowering Plants","United States"
"Colorado pikeminnow (=squawfish)","Endangered","Fishes","Mexico"
"Colorado pikeminnow (=squawfish)","Endangered","Fishes","United States"
"Columbia Basin Pygmy Rabbit","Endangered","Mammals","United States"
"Columbian white-tailed deer","Threatened","Mammals","United States"
"Comanche-peak prairie-clover","Species of Concern","Flowering Plants","United States"
"Comanche Springs pupfish","Endangered","Fishes","United States"
"Common tern","Species of Concern","Birds","United States"
"Common tern","Species of Concern","Birds","Canada"
"Common Yellowthroat","Species of Concern","Birds","United States"
"Cook's lomatium","Endangered","Flowering Plants","United States"
"Cooper's hawk","Species of Concern","Birds","United States"
"Coosa moccasinshell","Endangered","Clams","United States"
"Copperbelly water snake","Threatened","Reptiles","United States"
"Costa Rican puma","Endangered","Mammals","Nicaragua"
"Costa Rican puma","Endangered","Mammals","Panama"
"Costa Rican puma","Endangered","Mammals","Costa Rica"
"Cotton-top tamarin","Endangered","Mammals","Costa Rica"
"Cotton-top tamarin","Endangered","Mammals","Colombia"
"Cuban crocodile","Endangered","Reptiles","Cuba"
"Cuban solenodon","Endangered","Mammals","Cuba"
"Cumberland bean (pearlymussel)","Endangered","Clams","United States"
"Cumberland darter","Endangered","Fishes","United States"
"Cumberlandian combshell","Endangered","Clams","United States"
"Cumberland pigtoe","Endangered","Clams","United States"
"Dakota Skipper","Threatened","Insects","Canada"
"Dakota Skipper","Threatened","Insects","United States"
"Dappled mountain robin","Threatened","Birds","Mozambique"
"Dappled mountain robin","Threatened","Birds","Tanzania"
"DeBeque phacelia","Threatened","Flowering Plants","United States"
"Delhi Sands flower-loving fly","Endangered","Insects","United States"
"Delta green ground beetle","Threatened","Insects","United States"
"Delta smelt","Threatened","Fishes","United States"
"Desert pupfish","Endangered","Fishes","United States"
"Desert pupfish","Endangered","Fishes","Mexico"
"Desert tortoise","Threatened","Reptiles","United States"
"Devils Hole pupfish","Endangered","Fishes","United States"
"Devils River minnow","Threatened","Fishes","Mexico"
"Devils River minnow","Threatened","Fishes","United States"
"diamond Darter","Endangered","Fishes","United States"
"Dolly Varden","Threatened","Fishes","United States"
"Dromedary pearlymussel","Endangered","Clams","United States"
"Dudley Bluffs bladderpod","Threatened","Flowering Plants","United States"
"Dudley Bluffs twinpod","Threatened","Flowering Plants","United States"
"dusky gopher frog","Endangered","Amphibians","United States"
"Dwarf wedgemussel","Endangered","Clams","Canada"
"Dwarf wedgemussel","Endangered","Clams","United States"
"Eastern Black rail","Threatened","Birds","United States"
"Eastern Hellbender Missouri DPS","Endangered","Amphibians","United States"
"Eastern indigo snake","Threatened","Reptiles","United States"
"Eastern Massasauga (=rattlesnake)","Threatened","Reptiles","Canada"
"Eastern Massasauga (=rattlesnake)","Threatened","Reptiles","United States"
"Eastern prairie fringed orchid","Threatened","Flowering Plants","United States"
"Eastern prairie fringed orchid","Threatened","Flowering Plants","Canada"
"Edward's pheasant","Endangered","Birds","Vietnam"
"Elfin-woods warbler","Threatened","Birds","United States"
"Elfin-woods warbler","Threatened","Birds","Puerto Rico"
"Elliot's pheasant","Endangered","Birds","China"
"El Segundo blue butterfly","Endangered","Insects","United States"
"Eskimo curlew","Endangered","Birds","United States"
"Eskimo curlew","Endangered","Birds","Canada"
"Everglade snail kite","Endangered","Birds","United States"
"Exuma Island iguana","Threatened","Reptiles","Bahamas"
"Eyrean grasswren (flycatcher)","Endangered","Birds","Australia"
"False water rat","Endangered","Mammals","Australia"
"Fanshell","Endangered","Clams","United States"
"Fat pocketbook","Endangered","Clams","United States"
"Fat threeridge (mussel)","Endangered","Clams","United States"
"Fea's muntjac","Endangered","Mammals","Thailand"
"Fea's muntjac","Endangered","Mammals","Myanmar (Burma)"
"Fender's blue butterfly","Endangered","Insects","United States"
"Fiji banded iguana","Endangered","Reptiles","Tonga"
"Fiji banded iguana","Endangered","Reptiles","Fiji"
"Fiji crested iguana","Endangered","Reptiles","Fiji"
"Finerayed pigtoe","Endangered","Clams","United States"
"Flattened musk turtle","Threatened","Reptiles","United States"
"Florida bonneted bat","Endangered","Mammals","United States"
"Florida grasshopper sparrow","Endangered","Birds","United States"
"Florida panther","Endangered","Mammals","United States"
"Florida salt marsh vole","Endangered","Mammals","United States"
"Florida scrub-jay","Threatened","Birds","United States"
"Fluted kidneyshell","Endangered","Clams","United States"
"Flying earwig Hawaiian damselfly","Endangered","Insects","United States"
"Formosan rock macaque","Threatened","Mammals","Taiwan"
"Fountain darter","Endangered","Fishes","United States"
"Francois' langur","Endangered","Mammals","China"
"Fringed campion","Endangered","Flowering Plants","United States"
"Fulvous whistling duck","Species of Concern","Birds","Mexico"
"Fulvous whistling duck","Species of Concern","Birds","United States"
"Galapagos hawk","Endangered","Birds","Ecuador"
"Galapagos penguin","Endangered","Birds","Ecuador"
"Galapagos petrel","Threatened","Birds","Ecuador"
"Galapagos tortoise","Endangered","Reptiles","Ecuador"
"Gelada baboon","Threatened","Mammals","Ethiopia"
"Gentner's Fritillary","Endangered","Flowering Plants","United States"
"Geometric turtle","Endangered","Reptiles","South Africa"
"Georgetown Salamander","Threatened","Amphibians","United States"
"Giant garter snake","Threatened","Reptiles","United States"
"Giant panda","Endangered","Mammals","China"
"Giant sable antelope","Endangered","Mammals","Angola"
"Gibbons","Endangered","Mammals","China"
"Gibbons","Endangered","Mammals","India"
"Gierisch mallow","Endangered","Flowering Plants","United States"
"Gila trout","Threatened","Fishes","United States"
"Golden-cheeked warbler (=wood)","Endangered","Birds","Nicaragua"
"Golden-cheeked warbler (=wood)","Endangered","Birds","Honduras"
"Golden-cheeked warbler (=wood)","Endangered","Birds","United States"
"Golden-cheeked warbler (=wood)","Endangered","Birds","El Salvador"
"Golden-cheeked warbler (=wood)","Endangered","Birds","Mexico"
"Golden-cheeked warbler (=wood)","Endangered","Birds","Guatemala"
"Golden conure","Threatened","Birds","Brazil"
"Golden eagle","Species of Concern","Birds","United States"
"Golden langur","Endangered","Mammals","India"
"Golden langur","Endangered","Mammals","Bhutan"
"golden paintbrush","Threatened","Flowering Plants","Canada"
"golden paintbrush","Threatened","Flowering Plants","United States"
"Golden-shouldered parakeet","Endangered","Birds","Australia"
"Goldline darter","Threatened","Fishes","United States"
"Goliath Frog","Threatened","Amphibians","Equatorial Guinea"
"Goliath Frog","Threatened","Amphibians","Gabon"
"Goliath Frog","Threatened","Amphibians","Cameroon"
"Gopher tortoise","Threatened","Reptiles","United States"
"Grand Cayman ground iguana","Endangered","Reptiles","Cayman Islands"
"Gray bat","Endangered","Mammals","United States"
"Gray (=entellus) langur","Endangered","Mammals","China"
"Gray (=entellus) langur","Endangered","Mammals","Pakistan"
"Gray (=entellus) langur","Endangered","Mammals","Sri Lanka"
"Gray (=entellus) langur","Endangered","Mammals","Bangladesh"
"Gray (=entellus) langur","Endangered","Mammals","India"
"Great Indian bustard","Endangered","Birds","India"
"Great Indian bustard","Endangered","Birds","Pakistan"
"Great Indian rhinoceros","Endangered","Mammals","India"
"Great Indian rhinoceros","Endangered","Mammals","Nepal"
"Greenback Cutthroat trout","Threatened","Fishes","United States"
"Green pitcher-plant","Endangered","Flowering Plants","United States"
"Green sea turtle","Endangered","Reptiles","Federated States of Micronesia"
"Green sea turtle","Threatened","Reptiles","United States"
"Green sea turtle","Endangered","Reptiles","Tokelau"
"Green sea turtle","Endangered","Reptiles","Fiji"
"Green sea turtle","Endangered","Reptiles","French Polynesia"
"Green sea turtle","Endangered","Reptiles","Tuvalu"
"Green sea turtle","Endangered","Reptiles","Tonga"
"Green sea turtle","Endangered","Reptiles","Kiribati"
"Green sea turtle","Endangered","Reptiles","Cook Islands"
"Green sea turtle","Endangered","Reptiles","Marshall Islands"
"Green sea turtle","Endangered","Reptiles","Papua New Guinea"
"Green sea turtle","Endangered","Reptiles","United States"
"Green sea turtle","Endangered","Reptiles","Solomon Islands"
"green sturgeon","Threatened","Fishes","Canada"
"Grey-necked rockfowl","Endangered","Birds","Cameroon"
"Grey-necked rockfowl","Endangered","Birds","Gabon"
"Grizzly bear","Threatened","Mammals","United States"
"Guadalupe fur seal","Threatened","Mammals","Mexico"
"Guajon","Threatened","Amphibians","United States"
"Guajon","Threatened","Amphibians","Puerto Rico"
"Gulf Coast jaguarundi","Endangered","Mammals","United States"
"Gulf Coast jaguarundi","Endangered","Mammals","Mexico"
"Gulf moccasinshell","Endangered","Clams","United States"
"Gunnison sage-grouse","Threatened","Birds","United States"
"Guyandotte River crayfish","Endangered","Crustaceans","United States"
"Haitian solenodon","Endangered","Mammals","Haiti"
"Haitian solenodon","Endangered","Mammals","Dominican Republic"
"Harper's beauty","Endangered","Flowering Plants","United States"
"Hawaii akepa","Endangered","Birds","United States"
"Hawaiian coot","Endangered","Birds","United States"
"Hawaiian goose","Threatened","Birds","United States"
"Hawaiian hoary bat","Endangered","Mammals","United States"
"Hawaiian (=koloa) Duck","Endangered","Birds","United States"
"Hawaiian stilt","Endangered","Birds","United States"
"Hawaiian vetch","Endangered","Flowering Plants","United States"
"Hawksbill sea turtle","Endangered","Reptiles","Kenya"
"Hawksbill sea turtle","Endangered","Reptiles","U.S. Virgin Islands"
"Hawksbill sea turtle","Endangered","Reptiles","Dominican Republic"
"Hawksbill sea turtle","Endangered","Reptiles","Maldives"
"Hawksbill sea turtle","Endangered","Reptiles","Guadeloupe"
"Hawksbill sea turtle","Endangered","Reptiles","Belize"
"Hawksbill sea turtle","Endangered","Reptiles","Mozambique"
"Hawksbill sea turtle","Endangered","Reptiles","Netherlands Antilles"
"Hawksbill sea turtle","Endangered","Reptiles","Colombia"
"Hawksbill sea turtle","Endangered","Reptiles","Qatar"
"Hawksbill sea turtle","Endangered","Reptiles","Cuba"
"Hawksbill sea turtle","Endangered","Reptiles","El Salvador"
"Hawksbill sea turtle","Endangered","Reptiles","Malaysia"
"Hawksbill sea turtle","Endangered","Reptiles","Guam"
"Hawksbill sea turtle","Endangered","Reptiles","China"
"Hawksbill sea turtle","Endangered","Reptiles","Eritrea"
"Hawksbill sea turtle","Endangered","Reptiles","Solomon Islands"
"Hawksbill sea turtle","Endangered","Reptiles","Mexico"
"Hawksbill sea turtle","Endangered","Reptiles","Somalia"
"Hawksbill sea turtle","Endangered","Reptiles","Federated States of Micronesia"
"Hawksbill sea turtle","Endangered","Reptiles","Panama"
"Hawksbill sea turtle","Endangered","Reptiles","Cambodia"
"Hawksbill sea turtle","Endangered","Reptiles","Puerto Rico"
"Hawksbill sea turtle","Endangered","Reptiles","Ecuador"
"Hawksbill sea turtle","Endangered","Reptiles","Vanuatu"
"Hawksbill sea turtle","Endangered","Reptiles","Saudi Arabia"
"Hawksbill sea turtle","Endangered","Reptiles","Brazil"
"Hawksbill sea turtle","Endangered","Reptiles","Nicaragua"
"Hawksbill sea turtle","Endangered","Reptiles","Venezuela"
"Hawksbill sea turtle","Endangered","Reptiles","Palau"
"Hawksbill sea turtle","Endangered","Reptiles","Bahrain"
"Hawksbill sea turtle","Endangered","Reptiles","Egypt"
"Hawksbill sea turtle","Endangered","Reptiles","Grenada"
"Hawksbill sea turtle","Endangered","Reptiles","Oman"
"Hawksbill sea turtle","Endangered","Reptiles","Antigua and Barbuda"
"Hawksbill sea turtle","Endangered","Reptiles","Marshall Islands"
"Hawksbill sea turtle","Endangered","Reptiles","Australia"
"Hawksbill sea turtle","Endangered","Reptiles","India"
"Hawksbill sea turtle","Endangered","Reptiles","Comoros"
"Hawksbill sea turtle","Endangered","Reptiles","British Virgin Islands"
"Hawksbill sea turtle","Endangered","Reptiles","American Samoa"
"Hawksbill sea turtle","Endangered","Reptiles","Seychelles"
"Hawksbill sea turtle","Endangered","Reptiles","Sudan"
"Hawksbill sea turtle","Endangered","Reptiles","Myanmar (Burma)"
"Hawksbill sea turtle","Endangered","Reptiles","Indonesia"
"Hawksbill sea turtle","Endangered","Reptiles","Kuwait"
"Hawksbill sea turtle","Endangered","Reptiles","Thailand"
"Hawksbill sea turtle","Endangered","Reptiles","U.S. Pacific Outlying Islands"
"Hawksbill sea turtle","Endangered","Reptiles","Costa Rica"
"Hawksbill sea turtle","Endangered","Reptiles","Northern Mariana Islands"
"Hawksbill sea turtle","Endangered","Reptiles","Saint Kitts and Nevis"
"Hawksbill sea turtle","Endangered","Reptiles","Barbados"
"Hawksbill sea turtle","Endangered","Reptiles","Japan"
"Hawksbill sea turtle","Endangered","Reptiles","Fiji"
"Hawksbill sea turtle","Endangered","Reptiles","Trinidad and Tobago"
"Hawksbill sea turtle","Endangered","Reptiles","Reunion"
"Hawksbill sea turtle","Endangered","Reptiles","Taiwan"
"Hawksbill sea turtle","Endangered","Reptiles","Papua New Guinea"
"Hawksbill sea turtle","Endangered","Reptiles","Nauru"
"Hawksbill sea turtle","Endangered","Reptiles","Tanzania"
"Hawksbill sea turtle","Endangered","Reptiles","Kiribati"
"Hawksbill sea turtle","Endangered","Reptiles","Sao Tome and Principe"
"Hawksbill sea turtle","Endangered","Reptiles","Honduras"
"Hawksbill sea turtle","Endangered","Reptiles","British Indian Ocean Territory"
"Hawksbill sea turtle","Endangered","Reptiles","Yemen"
"Hawksbill sea turtle","Endangered","Reptiles","Madagascar"
"Hawksbill sea turtle","Endangered","Reptiles","United Arab Emirates"
"Hawksbill sea turtle","Endangered","Reptiles","Mayotte"
"Hawksbill sea turtle","Endangered","Reptiles","Bahamas"
"Hawksbill sea turtle","Endangered","Reptiles","Mauritius"
"Hawksbill sea turtle","Endangered","Reptiles","United States"
"Hawksbill sea turtle","Endangered","Reptiles","Philippines"
"Hawksbill sea turtle","Endangered","Reptiles","Vietnam"
"Hawksbill sea turtle","Endangered","Reptiles","Sri Lanka"
"Hawksbill sea turtle","Endangered","Reptiles","Iran"
"Hawksbill sea turtle","Endangered","Reptiles","Jamaica"
"Hawksbill sea turtle","Endangered","Reptiles","Equatorial Guinea"
"Hawksbill sea turtle","Endangered","Reptiles","French Southern Territories"
"Hawksbill sea turtle","Endangered","Reptiles","Martinique"
"Hell Creek Cave crayfish","Endangered","Crustaceans","United States"
"Hierro giant lizard","Endangered","Reptiles","Spain"
"Higgins eye (pearlymussel)","Endangered","Clams","United States"
"Higo Chumbo","Threatened","Flowering Plants","United States"
"Higo Chumbo","Threatened","Flowering Plants","Puerto Rico"
"Higuero de sierra","Endangered","Flowering Plants","United States"
"Higuero de sierra","Endangered","Flowering Plants","Puerto Rico"
"Hine's emerald dragonfly","Endangered","Insects","United States"
"Hooded Crane","Endangered","Birds","Japan"
"Horned guan","Endangered","Birds","Mexico"
"Horned guan","Endangered","Birds","Guatemala"
"Humpback chub","Endangered","Fishes","United States"
"Hungerford's crawling water Beetle","Endangered","Insects","United States"
"Hungerford's crawling water Beetle","Endangered","Insects","Canada"
"Ibiza wall lizard","Threatened","Reptiles","Spain"
"`I`iwi","Threatened","Birds","United States"
"Imperial parrot","Endangered","Birds","Dominica"
"Inagua Island turtle","Endangered","Reptiles","Bahamas"
"Indiana bat","Endangered","Mammals","United States"
"Indian (=Bengal) monitor","Endangered","Reptiles","Malaysia"
"Indian (=Bengal) monitor","Endangered","Reptiles","Iraq"
"Indian (=Bengal) monitor","Endangered","Reptiles","Thailand"
"Indian (=Bengal) monitor","Endangered","Reptiles","Myanmar (Burma)"
"Indian (=Bengal) monitor","Endangered","Reptiles","India"
"Indian (=Bengal) monitor","Endangered","Reptiles","Afghanistan"
"Indian (=Bengal) monitor","Endangered","Reptiles","Iran"
"Indian (=Bengal) monitor","Endangered","Reptiles","Vietnam"
"Indian (=Bengal) monitor","Endangered","Reptiles","Sri Lanka"
"Indian Knob mountainbalm","Endangered","Flowering Plants","United States"
"Indian python","Endangered","Reptiles","India"
"Indian python","Endangered","Reptiles","Sri Lanka"
"Indian sawback turtle","Endangered","Reptiles","India"
"Indigo macaw","Endangered","Birds","Brazil"
"Indri lemur","Endangered","Mammals","Madagascar"
"Iriomote cat","Endangered","Mammals","Japan"
"Island marble Butterfly","Endangered","Insects","United States"
"Ivory-billed woodpecker","Endangered","Birds","United States"
"Jaguar","Endangered","Mammals","Mexico"
"Jaguar","Endangered","Mammals","United States"
"James spinymussel","Endangered","Clams","United States"
"Japanese Crane","Endangered","Birds","South Korea"
"Japanese Crane","Endangered","Birds","China"
"Japanese Crane","Endangered","Birds","North Korea"
"Japanese Crane","Endangered","Birds","Japan"
"Japanese giant salamander","Endangered","Amphibians","Japan"
"Japanese macaque","Threatened","Mammals","Japan"
"Javan rhinoceros","Endangered","Mammals","Myanmar (Burma)"
"Javan rhinoceros","Endangered","Mammals","Malaysia"
"Javan rhinoceros","Endangered","Mammals","India"
"Javan rhinoceros","Endangered","Mammals","Thailand"
"Javan rhinoceros","Endangered","Mammals","Indonesia"
"Javan rhinoceros","Endangered","Mammals","Bangladesh"
"Jollyville Plateau Salamander","Threatened","Amphibians","United States"
"June sucker","Endangered","Fishes","United States"
"Kagu","Endangered","Birds","New Caledonia"
"Kakapo","Endangered","Birds","New Zealand"
"Karner blue butterfly","Endangered","Insects","Canada"
"Karner blue butterfly","Endangered","Insects","United States"
"Kauai cave wolf or pe'e pe'e maka 'ole spider","Endangered","Arachnids","United States"
"Kemp's ridley sea turtle","Endangered","Reptiles","Mexico"
"Kemp's ridley sea turtle","Endangered","Reptiles","United States"
"Key deer","Endangered","Mammals","United States"
"Key Largo woodrat","Endangered","Mammals","United States"
"Kincaid's Lupine","Threatened","Flowering Plants","United States"
"Knowlton's cactus","Endangered","Flowering Plants","United States"
"Koala","Threatened","Mammals","Australia"
"Kokako (wattlebird)","Endangered","Birds","New Zealand"
"Koster's springsnail","Endangered","Snails","United States"
"Kuenzler hedgehog cactus","Threatened","Flowering Plants","United States"
"Laguna Beach liveforever","Threatened","Flowering Plants","United States"
"Laguna Mountains skipper","Endangered","Insects","United States"
"Lahontan cutthroat trout","Threatened","Fishes","United States"
"Lange's metalmark butterfly","Endangered","Insects","United States"
"Large-flowered woolly meadowfoam","Endangered","Flowering Plants","United States"
"Laughing gull","Species of Concern","Birds","United States"
"Laurel dace","Endangered","Fishes","United States"
"Laysan duck","Endangered","Birds","United States"
"Laysan finch (honeycreeper)","Endangered","Birds","United States"
"Leadbeater's Possum","Endangered","Mammals","Australia"
"Least Bell's vireo","Endangered","Birds","Mexico"
"Least Bell's vireo","Endangered","Birds","United States"
"Least bittern","Species of Concern","Birds","United States"
"Least bittern","Species of Concern","Birds","Mexico"
"Least tern","Endangered","Birds","United States"
"Leatherback sea turtle","Endangered","Reptiles","Thailand"
"Leatherback sea turtle","Endangered","Reptiles","Indonesia"
"Leatherback sea turtle","Endangered","Reptiles","Costa Rica"
"Leatherback sea turtle","Endangered","Reptiles","Bahrain"
"Leatherback sea turtle","Endangered","Reptiles","Guyana"
"Leatherback sea turtle","Endangered","Reptiles","Grenada"
"Leatherback sea turtle","Endangered","Reptiles","U.S. Pacific Outlying Islands"
"Leatherback sea turtle","Endangered","Reptiles","Turks and Caicos Islands"
"Leatherback sea turtle","Endangered","Reptiles","India"
"Leatherback sea turtle","Endangered","Reptiles","British Virgin Islands"
"Leatherback sea turtle","Endangered","Reptiles","American Samoa"
"Leatherback sea turtle","Endangered","Reptiles","Australia"
"Leatherback sea turtle","Endangered","Reptiles","Saint Vincent and the Grenadines"
"Leatherback sea turtle","Endangered","Reptiles","Taiwan"
"Leatherback sea turtle","Endangered","Reptiles","Trinidad and Tobago"
"Leatherback sea turtle","Endangered","Reptiles","Antigua and Barbuda"
"Leatherback sea turtle","Endangered","Reptiles","Liberia"
"Leatherback sea turtle","Endangered","Reptiles","Ghana"
"Leatherback sea turtle","Endangered","Reptiles","Barbados"
"Leatherback sea turtle","Endangered","Reptiles","Saint Kitts and Nevis"
"Leatherback sea turtle","Endangered","Reptiles","Ivory Coast"
"Leatherback sea turtle","Endangered","Reptiles","Fiji"
"Leatherback sea turtle","Endangered","Reptiles","Angola"
"Leatherback sea turtle","Endangered","Reptiles","Northern Mariana Islands"
"Leatherback sea turtle","Endangered","Reptiles","Senegal"
"Leatherback sea turtle","Endangered","Reptiles","Mexico"
"Leatherback sea turtle","Endangered","Reptiles","Malaysia"
"Leatherback sea turtle","Endangered","Reptiles","China"
"Leatherback sea turtle","Endangered","Reptiles","Guam"
"Leatherback sea turtle","Endangered","Reptiles","Cayman Islands"
"Leatherback sea turtle","Endangered","Reptiles","El Salvador"
"Leatherback sea turtle","Endangered","Reptiles","Gabon"
"Leatherback sea turtle","Endangered","Reptiles","Peru"
"Leatherback sea turtle","Endangered","Reptiles","Solomon Islands"
"Leatherback sea turtle","Endangered","Reptiles","Eritrea"
"Leatherback sea turtle","Endangered","Reptiles","Portugal"
"Leatherback sea turtle","Endangered","Reptiles","Vanuatu"
"Leatherback sea turtle","Endangered","Reptiles","Puerto Rico"
"Leatherback sea turtle","Endangered","Reptiles","Ecuador"
"Leatherback sea turtle","Endangered","Reptiles","Brazil"
"Leatherback sea turtle","Endangered","Reptiles","South Africa"
"Leatherback sea turtle","Endangered","Reptiles","Panama"
"Leatherback sea turtle","Endangered","Reptiles","Argentina"
"Leatherback sea turtle","Endangered","Reptiles","Togo"
"Leatherback sea turtle","Endangered","Reptiles","Dominica"
"Leatherback sea turtle","Endangered","Reptiles","U.S. Virgin Islands"
"Leatherback sea turtle","Endangered","Reptiles","Dominican Republic"
"Leatherback sea turtle","Endangered","Reptiles","Venezuela"
"Leatherback sea turtle","Endangered","Reptiles","Mozambique"
"Leatherback sea turtle","Endangered","Reptiles","Guadeloupe"
"Leatherback sea turtle","Endangered","Reptiles","Guatemala"
"Leatherback sea turtle","Endangered","Reptiles","Nicaragua"
"Leatherback sea turtle","Endangered","Reptiles","Chile"
"Leatherback sea turtle","Endangered","Reptiles","Martinique"
"Leatherback sea turtle","Endangered","Reptiles","Philippines"
"Leatherback sea turtle","Endangered","Reptiles","Sri Lanka"
"Leatherback sea turtle","Endangered","Reptiles","Suriname"
"Leatherback sea turtle","Endangered","Reptiles","United States"
"Leatherback sea turtle","Endangered","Reptiles","Palau"
"Leatherback sea turtle","Endangered","Reptiles","New Zealand"
"Leatherback sea turtle","Endangered","Reptiles","Colombia"
"Leatherback sea turtle","Endangered","Reptiles","Haiti"
"Leatherback sea turtle","Endangered","Reptiles","Cuba"
"Leatherback sea turtle","Endangered","Reptiles","Netherlands Antilles"
"Leatherback sea turtle","Endangered","Reptiles","Saint Lucia"
"Leatherback sea turtle","Endangered","Reptiles","Honduras"
"Leatherback sea turtle","Endangered","Reptiles","Albania"
"Leatherback sea turtle","Endangered","Reptiles","Mauritania"
"Leatherback sea turtle","Endangered","Reptiles","Papua New Guinea"
"Leatherback sea turtle","Endangered","Reptiles","Sao Tome and Principe"
"Leatherback sea turtle","Endangered","Reptiles","Italy"
"Leatherback sea turtle","Endangered","Reptiles","Congo"
"Leatherback sea turtle","Endangered","Reptiles","Montserrat"
"Leatherback sea turtle","Endangered","Reptiles","French Guiana"
"Leatherback sea turtle","Endangered","Reptiles","Jamaica"
"Leatherback sea turtle","Endangered","Reptiles","Aruba"
"Leatherback sea turtle","Endangered","Reptiles","Canada"
"Leatherback sea turtle","Endangered","Reptiles","Bahamas"
"Leatherback sea turtle","Endangered","Reptiles","Benin"
"Leatherback sea turtle","Endangered","Reptiles","Myanmar (Burma)"
"Lee pincushion cactus","Threatened","Flowering Plants","United States"
"Lemurs","Endangered","Mammals","Madagascar"
"Leon Springs pupfish","Endangered","Fishes","United States"
"Leopard cat","Endangered","Mammals","India"
"Light-footed clapper rail","Endangered","Birds","United States"
"Lion-tailed macaque","Endangered","Mammals","India"
"Little amphianthus","Threatened","Flowering Plants","United States"
"Little blue macaw","Endangered","Birds","Brazil"
"Loggerhead sea turtle","Threatened","Reptiles","United States"
"Loggerhead sea turtle","Endangered","Reptiles","United States"
"Long-tailed ground roller","Endangered","Birds","Madagascar"
"Lord Howe wood rail","Endangered","Birds","Australia"
"Lost River sucker","Endangered","Fishes","United States"
"Louisiana pearlshell","Threatened","Clams","United States"
"Louisiana pinesnake","Threatened","Reptiles","United States"
"Louisiana quillwort","Endangered","Ferns and Allies","United States"
"Lower Keys marsh rabbit","Endangered","Mammals","United States"
"Lyon's pentachaeta","Endangered","Flowering Plants","United States"
"Madagascar pochard","Endangered","Birds","Madagascar"
"Madagascar radiated tortoise","Endangered","Reptiles","Madagascar"
"Madagascar red owl","Endangered","Birds","Madagascar"
"Malabar large-spotted civet","Endangered","Mammals","India"
"Maleo megapode","Endangered","Birds","Indonesia"
"Mancos milk-vetch","Endangered","Flowering Plants","United States"
"Maned wolf","Endangered","Mammals","Uruguay"
"Maned wolf","Endangered","Mammals","Bolivia"
"Maned wolf","Endangered","Mammals","Brazil"
"Maned wolf","Endangered","Mammals","Argentina"
"Maned wolf","Endangered","Mammals","Paraguay"
"Marbled cat","Endangered","Mammals","Indonesia"
"Marbled cat","Endangered","Mammals","Nepal"
"Marbled murrelet","Species of Concern","Birds","Canada"
"Marbled murrelet","Threatened","Birds","United States"
"Margay","Endangered","Mammals","Mexico"
"Mariana fruit Bat (=Mariana flying fox)","Threatened","Mammals","United States"
"Mariana mallard","Extinction","Birds","United States"
"Marine otter","Endangered","Mammals","Peru"
"Masked bobwhite (quail)","Endangered","Birds","Mexico"
"Masked bobwhite (quail)","Endangered","Birds","United States"
"Mauritius fody","Endangered","Birds","Mauritius"
"Mauritius kestrel","Endangered","Birds","Mauritius"
"Mauritius parakeet","Endangered","Birds","Mauritius"
"Mexican blindcat (catfish)","Endangered","Fishes","United States"
"Mexican blindcat (catfish)","Endangered","Fishes","Mexico"
"Mexican wolf","Endangered","Mammals","United States"
"Miami Blue Butterfly","Endangered","Insects","United States"
"Miccosukee gooseberry","Threatened","Flowering Plants","United States"
"Michaux's sumac","Endangered","Flowering Plants","United States"
"Mikado pheasant","Endangered","Birds","Taiwan"
"Minnesota dwarf trout lily","Endangered","Flowering Plants","United States"
"Mission blue butterfly","Endangered","Insects","United States"
"Mississippi sandhill crane","Endangered","Birds","United States"
"Moapa dace","Endangered","Fishes","United States"
"Mona boa","Threatened","Reptiles","Puerto Rico"
"Mona boa","Threatened","Reptiles","United States"
"Mona ground Iguana","Threatened","Reptiles","Puerto Rico"
"Mona ground Iguana","Threatened","Reptiles","United States"
"Mongolian saiga (antelope)","Endangered","Mammals","Mongolia"
"Monte Verde golden toad","Endangered","Amphibians","Costa Rica"
"Morro manzanita","Threatened","Flowering Plants","United States"
"Mountain tapir","Endangered","Mammals","Venezuela"
"Mountain tapir","Endangered","Mammals","Peru"
"Mountain tapir","Endangered","Mammals","Ecuador"
"Mountain tapir","Endangered","Mammals","Colombia"
"Mountain yellow-legged frog","Endangered","Amphibians","United States"
"Musk deer","Endangered","Mammals","Myanmar (Burma)"
"Musk deer","Endangered","Mammals","Afghanistan"
"Musk deer","Endangered","Mammals","Nepal"
"Musk deer","Endangered","Mammals","Bhutan"
"Musk deer","Endangered","Mammals","Pakistan"
"Musk deer","Endangered","Mammals","China"
"Musk deer","Endangered","Mammals","India"
"Myrtle's silverspot butterfly","Endangered","Insects","United States"
"Nelson's checker-mallow","Threatened","Flowering Plants","United States"
"New Holland mouse","Endangered","Mammals","Australia"
"New Mexico meadow jumping mouse","Endangered","Mammals","United States"
"New Zealand shore plover","Endangered","Birds","New Zealand"
"Niangua darter","Threatened","Fishes","United States"
"Nihoa millerbird (old world warbler)","Endangered","Birds","United States"
"No common name","Endangered","Flowering Plants","Puerto Rico"
"No common name","Endangered","Flowering Plants","United States"
"No common name","Endangered","Flowering Plants","United States"
"No common name","Endangered","Flowering Plants","Puerto Rico"
"No common name","Endangered","Flowering Plants","Cuba"
"No common name","Endangered","Flowering Plants","Puerto Rico"
"No common name","Endangered","Flowering Plants","Dominican Republic"
"No common name","Endangered","Flowering Plants","Guadeloupe"
"No common name","Endangered","Flowering Plants","United States"
"No common name","Endangered","Flowering Plants","United States"
"No common name","Endangered","Flowering Plants","Puerto Rico"
"No common name","Endangered","Flowering Plants","Puerto Rico"
"No common name","Endangered","Flowering Plants","United States"
"No common name","Threatened","Flowering Plants","Puerto Rico"
"No common name","Threatened","Flowering Plants","United States"
"No common name","Endangered","Flowering Plants","United States"
"No common name","Endangered","Flowering Plants","Puerto Rico"
"Noel's Amphipod","Endangered","Crustaceans","United States"
"Noisy scrub-bird","Endangered","Birds","Australia"
"Nordmann's greenshank","Endangered","Birds","Japan"
"Norfolk Island parakeet","Endangered","Birds","Norfolk Island"
"Northeastern beach tiger beetle","Threatened","Insects","United States"
"Northeastern bulrush","Endangered","Flowering Plants","United States"
"Northern Aplomado Falcon","Endangered","Birds","Mexico"
"Northern Aplomado Falcon","Endangered","Birds","United States"
"Northern Aplomado Falcon","Endangered","Birds","Guatemala"
"Northern Idaho Ground Squirrel","Threatened","Mammals","United States"
"Northern Long-Eared Bat","Threatened","Mammals","United States"
"Northern Mexican gartersnake","Threatened","Reptiles","United States"
"Northern Mexican gartersnake","Threatened","Reptiles","Mexico"
"Northern riffleshell","Endangered","Clams","United States"
"Northern spotted owl","Threatened","Birds","United States"
"Northern spotted owl","Threatened","Birds","Canada"
"Northern swift fox","Endangered","Mammals","Canada"
"Northern wild monkshood","Threatened","Flowering Plants","United States"
"North Park phacelia","Endangered","Flowering Plants","United States"
"Numbat","Endangered","Mammals","Australia"
"Oahu elepaio","Endangered","Birds","United States"
"Occult little brown bat","Species of Concern","Mammals","Mexico"
"Occult little brown bat","Species of Concern","Mammals","United States"
"Ocelot","Endangered","Mammals","Mexico"
"Ocelot","Endangered","Mammals","United States"
"Okaloosa darter","Threatened","Fishes","United States"
"Olive ridley sea turtle","Threatened","Reptiles","Cape Verde"
"Olive ridley sea turtle","Threatened","Reptiles","Cuba"
"Olive ridley sea turtle","Threatened","Reptiles","Guatemala"
"Olive ridley sea turtle","Threatened","Reptiles","Cameroon"
"Olive ridley sea turtle","Threatened","Reptiles","Colombia"
"Olive ridley sea turtle","Threatened","Reptiles","Philippines"
"Olive ridley sea turtle","Threatened","Reptiles","Vietnam"
"Olive ridley sea turtle","Threatened","Reptiles","Sri Lanka"
"Olive ridley sea turtle","Threatened","Reptiles","Iran"
"Olive ridley sea turtle","Threatened","Reptiles","Suriname"
"Olive ridley sea turtle","Threatened","Reptiles","Bangladesh"
"Olive ridley sea turtle","Threatened","Reptiles","United States"
"Olive ridley sea turtle","Threatened","Reptiles","Chile"
"Olive ridley sea turtle","Threatened","Reptiles","Nicaragua"
"Olive ridley sea turtle","Threatened","Reptiles","Morocco"
"Olive ridley sea turtle","Threatened","Reptiles","Mozambique"
"Olive ridley sea turtle","Threatened","Reptiles","Guadeloupe"
"Olive ridley sea turtle","Threatened","Reptiles","Nigeria"
"Olive ridley sea turtle","Threatened","Reptiles","Dominican Republic"
"Olive ridley sea turtle","Threatened","Reptiles","Maldives"
"Olive ridley sea turtle","Threatened","Reptiles","Venezuela"
"Olive ridley sea turtle","Threatened","Reptiles","Equatorial Guinea"
"Olive ridley sea turtle","Threatened","Reptiles","Benin"
"Olive ridley sea turtle","Threatened","Reptiles","Yemen"
"Olive ridley sea turtle","Threatened","Reptiles","Madagascar"
"Olive ridley sea turtle","Threatened","Reptiles","Papua New Guinea"
"Olive ridley sea turtle","Threatened","Reptiles","Sierra Leone"
"Olive ridley sea turtle","Threatened","Reptiles","Congo"
"Olive ridley sea turtle","Threatened","Reptiles","French Guiana"
"Olive ridley sea turtle","Threatened","Reptiles","Jamaica"
"Olive ridley sea turtle","Threatened","Reptiles","Sao Tome and Principe"
"Olive ridley sea turtle","Threatened","Reptiles","Tanzania"
"Olive ridley sea turtle","Threatened","Reptiles","Mauritania"
"Olive ridley sea turtle","Threatened","Reptiles","Honduras"
"Olive ridley sea turtle","Threatened","Reptiles","Kenya"
"Olive ridley sea turtle","Threatened","Reptiles","Ivory Coast"
"Olive ridley sea turtle","Threatened","Reptiles","Senegal"
"Olive ridley sea turtle","Threatened","Reptiles","Guinea-Bissau"
"Olive ridley sea turtle","Threatened","Reptiles","Japan"
"Olive ridley sea turtle","Threatened","Reptiles","Antigua and Barbuda"
"Olive ridley sea turtle","Threatened","Reptiles","Liberia"
"Olive ridley sea turtle","Threatened","Reptiles","Ghana"
"Olive ridley sea turtle","Threatened","Reptiles","Taiwan"
"Olive ridley sea turtle","Threatened","Reptiles","Trinidad and Tobago"
"Olive ridley sea turtle","Threatened","Reptiles","Thailand"
"Olive ridley sea turtle","Threatened","Reptiles","Sudan"
"Olive ridley sea turtle","Threatened","Reptiles","Indonesia"
"Olive ridley sea turtle","Threatened","Reptiles","Myanmar (Burma)"
"Olive ridley sea turtle","Threatened","Reptiles","India"
"Olive ridley sea turtle","Threatened","Reptiles","Australia"
"Olive ridley sea turtle","Threatened","Reptiles","Costa Rica"
"Olive ridley sea turtle","Threatened","Reptiles","Guyana"
"Olive ridley sea turtle","Threatened","Reptiles","Oman"
"Olive ridley sea turtle","Threatened","Reptiles","Guinea"
"Olive ridley sea turtle","Threatened","Reptiles","Ecuador"
"Olive ridley sea turtle","Threatened","Reptiles","Panama"
"Olive ridley sea turtle","Threatened","Reptiles","Cambodia"
"Olive ridley sea turtle","Threatened","Reptiles","Togo"
"Olive ridley sea turtle","Threatened","Reptiles","Gabon"
"Olive ridley sea turtle","Threatened","Reptiles","El Salvador"
"Olive ridley sea turtle","Threatened","Reptiles","Brazil"
"Olive ridley sea turtle","Threatened","Reptiles","South Africa"
"Olive ridley sea turtle","Threatened","Reptiles","Peru"
"Olive ridley sea turtle","Threatened","Reptiles","Eritrea"
"Olive ridley sea turtle","Threatened","Reptiles","Malaysia"
"Olive ridley sea turtle","Threatened","Reptiles","Gambia"
"Olive ridley sea turtle","Threatened","Reptiles","Angola"
"Olive ridley sea turtle","Threatened","Reptiles","Somalia"
"Olive ridley sea turtle","Threatened","Reptiles","Federated States of Micronesia"
"Olive ridley sea turtle","Threatened","Reptiles","Pakistan"
"Olive ridley sea turtle","Threatened","Reptiles","Mexico"
"Olive ridley sea turtle","Threatened","Reptiles","Namibia"
"Olive ridley sea turtle","Threatened","Reptiles","Brunei"
"Olive ridley sea turtle","Threatened","Reptiles","Martinique"
"Olive ridley sea turtle","Endangered","Reptiles","Mexico"
"Olive-sided flycatcher","Species of Concern","Birds","Canada"
"Olive-sided flycatcher","Species of Concern","Birds","United States"
"Orange-bellied parakeet","Endangered","Birds","Australia"
"Orangutan","Endangered","Mammals","Indonesia"
"Oregon silverspot butterfly","Threatened","Insects","United States"
"Oregon spotted frog","Threatened","Amphibians","Canada"
"Oregon spotted frog","Threatened","Amphibians","United States"
"Oriental white stork","Endangered","Birds","China"
"Oriental white stork","Endangered","Birds","South Korea"
"Oriental white stork","Endangered","Birds","Japan"
"Oriental white stork","Endangered","Birds","North Korea"
"Osterhout milkvetch","Endangered","Flowering Plants","United States"
"Otay mesa-mint","Endangered","Flowering Plants","United States"
"Otay mesa-mint","Endangered","Flowering Plants","Mexico"
"Oval pigtoe","Endangered","Clams","United States"
"Oyster mussel","Endangered","Clams","United States"
"Ozark big-eared bat","Endangered","Mammals","United States"
"Ozark cavefish","Threatened","Fishes","United States"
"Ozark Hellbender","Endangered","Amphibians","United States"
"Pacific Hawaiian damselfly","Endangered","Insects","United States"
"Pagosa skyrocket","Endangered","Flowering Plants","United States"
"Paiute cutthroat trout","Threatened","Fishes","United States"
"Palawan peacock pheasant","Endangered","Birds","Philippines"
"Pallid sturgeon","Endangered","Fishes","United States"
"Palma de manaca","Threatened","Flowering Plants","Dominican Republic"
"Palma de manaca","Threatened","Flowering Plants","United States"
"Palma de manaca","Threatened","Flowering Plants","Puerto Rico"
"Palo de nigua","Endangered","Flowering Plants","Puerto Rico"
"Palo de nigua","Endangered","Flowering Plants","United States"
"Palo de ramon","Endangered","Flowering Plants","United States"
"Palo de ramon","Endangered","Flowering Plants","Puerto Rico"
"Palo de rosa","Endangered","Flowering Plants","United States"
"Palo de rosa","Endangered","Flowering Plants","Dominican Republic"
"Palo de rosa","Endangered","Flowering Plants","Puerto Rico"
"Palos Verdes blue butterfly","Endangered","Insects","United States"
"Pampas deer","Endangered","Mammals","Brazil"
"Pampas deer","Endangered","Mammals","Paraguay"
"Pampas deer","Endangered","Mammals","Uruguay"
"Pampas deer","Endangered","Mammals","Bolivia"
"Pampas deer","Endangered","Mammals","Argentina"
"Panama City crayfish","Threatened","Crustaceans","United States"
"Panamanian golden frog","Endangered","Amphibians","Panama"
"Parachute beardtongue","Threatened","Flowering Plants","United States"
"Parma wallaby","Endangered","Mammals","Australia"
"Pawnee montane skipper","Threatened","Insects","United States"
"Pearl darter","Threatened","Fishes","United States"
"Pecos assiminea snail","Endangered","Snails","United States"
"Pecos assiminea snail","Endangered","Snails","Mexico"
"Pedate checker-mallow","Endangered","Flowering Plants","United States"
"Peirson's milk-vetch","Threatened","Flowering Plants","United States"
"Peninsular bighorn sheep","Endangered","Mammals","United States"
"Peninsular pronghorn","Endangered","Mammals","Mexico"
"Penland alpine fen mustard","Threatened","Flowering Plants","United States"
"Penland beardtongue","Endangered","Flowering Plants","United States"
"Perdido Key beach mouse","Endangered","Mammals","United States"
"Philippine crocodile","Endangered","Reptiles","Philippines"
"Philippine eagle","Endangered","Birds","Philippines"
"Philippine tarsier","Threatened","Mammals","Philippines"
"Pied tamarin","Endangered","Mammals","Brazil"
"Pink mucket (pearlymussel)","Endangered","Clams","United States"
"Piping Plover","Threatened","Birds","Mexico"
"Piping Plover","Threatened","Birds","United States"
"Piping Plover","Threatened","Birds","Canada"
"Piping Plover","Endangered","Birds","United States"
"Piping Plover","Endangered","Birds","Canada"
"Pitcher's thistle","Threatened","Flowering Plants","United States"
"Pitcher's thistle","Threatened","Flowering Plants","Canada"
"Polar bear","Threatened","Mammals","Russia"
"Polar bear","Threatened","Mammals","Canada"
"Polar bear","Threatened","Mammals","Norway"
"Polar bear","Threatened","Mammals","United States"
"Polar bear","Threatened","Mammals","Denmark"
"Pondberry","Endangered","Flowering Plants","United States"
"Prairie bush-clover","Threatened","Flowering Plants","United States"
"Preble's meadow jumping mouse","Threatened","Mammals","United States"
"Przewalski's horse","Endangered","Mammals","China"
"Przewalski's horse","Endangered","Mammals","Mongolia"
"Puerto Rican boa","Endangered","Reptiles","United States"
"Puerto Rican boa","Endangered","Reptiles","Puerto Rico"
"Puerto Rican crested toad","Threatened","Amphibians","British Virgin Islands"
"Puerto Rican crested toad","Threatened","Amphibians","Puerto Rico"
"Puerto Rican crested toad","Threatened","Amphibians","United States"
"Puerto Rican nightjar","Endangered","Birds","Puerto Rico"
"Puerto Rican nightjar","Endangered","Birds","United States"
"Puerto Rican parrot","Endangered","Birds","United States"
"Puerto Rican parrot","Endangered","Birds","Puerto Rico"
"Puerto Rican sharp-shinned hawk","Endangered","Birds","Puerto Rico"
"Puerto Rican sharp-shinned hawk","Endangered","Birds","United States"
"Puerto Rico harlequin butterfly","Threatened","Insects","United States"
"Puma (=mountain lion)","Threatened","Mammals","United States"
"Puritan tiger beetle","Threatened","Insects","United States"
"Purple bankclimber (mussel)","Threatened","Clams","United States"
"Purple bean","Endangered","Clams","United States"
"Purple Cat's paw (=Purple Cat's paw pearlymussel)","Endangered","Clams","United States"
"Purple-faced langur","Threatened","Mammals","Sri Lanka"
"Pygmy hog","Endangered","Mammals","India"
"Pygmy hog","Endangered","Mammals","Nepal"
"Pygmy hog","Endangered","Mammals","Bhutan"
"Pyrenean ibex","Endangered","Mammals","Spain"
"Queen Charlotte goshawk","Threatened","Birds","Canada"
"Quino checkerspot butterfly","Endangered","Insects","Mexico"
"Quino checkerspot butterfly","Endangered","Insects","United States"
"Quokka","Endangered","Mammals","Australia"
"Rayed Bean","Endangered","Clams","United States"
"Rayed Bean","Endangered","Clams","Canada"
"Razorback sucker","Endangered","Fishes","Mexico"
"Razorback sucker","Endangered","Fishes","United States"
"Red-backed squirrel monkey","Endangered","Mammals","Costa Rica"
"Red-backed squirrel monkey","Endangered","Mammals","Panama"
"Red-billed curassow","Endangered","Birds","Brazil"
"Red-browed parrot","Endangered","Birds","Brazil"
"Red-cockaded woodpecker","Endangered","Birds","United States"
"Red crossbill","Species of Concern","Birds","United States"
"Reddish egret","Species of Concern","Birds","United States"
"Reddish egret","Species of Concern","Birds","Mexico"
"Red-faced malkoha (cuckoo)","Endangered","Birds","Sri Lanka"
"Red Hills salamander","Threatened","Amphibians","United States"
"Red knot","Threatened","Birds","United States"
"Red knot","Threatened","Birds","Guadeloupe"
"Red knot","Threatened","Birds","Belize"
"Red knot","Threatened","Birds","Chile"
"Red knot","Threatened","Birds","Argentina"
"Red knot","Threatened","Birds","Cuba"
"Red knot","Threatened","Birds","Guatemala"
"Red knot","Threatened","Birds","Colombia"
"Red knot","Threatened","Birds","Uruguay"
"Red knot","Threatened","Birds","Bahamas"
"Red knot","Threatened","Birds","Jamaica"
"Red knot","Threatened","Birds","Aruba"
"Red knot","Threatened","Birds","Canada"
"Red knot","Threatened","Birds","British Virgin Islands"
"Red knot","Threatened","Birds","French Guiana"
"Red knot","Threatened","Birds","Guyana"
"Red knot","Threatened","Birds","Costa Rica"
"Red knot","Threatened","Birds","Barbados"
"Red knot","Threatened","Birds","Trinidad and Tobago"
"Red knot","Threatened","Birds","El Salvador"
"Red knot","Threatened","Birds","Cayman Islands"
"Red knot","Threatened","Birds","Mexico"
"Red knot","Threatened","Birds","Panama"
"Red knot","Threatened","Birds","Brazil"
"Red knot","Threatened","Birds","Suriname"
"Red knot","Threatened","Birds","U.S. Virgin Islands"
"Red knot","Threatened","Birds","Dominican Republic"
"Red knot","Threatened","Birds","Paraguay"
"Red knot","Threatened","Birds","Venezuela"
"Red knot","Threatened","Birds","Haiti"
"Red-legged kittiwake","Species of Concern","Birds","United States"
"Red-necked parrot","Endangered","Birds","Dominica"
"Red-spectacled parrot","Endangered","Birds","Argentina"
"Red-spectacled parrot","Endangered","Birds","Brazil"
"Red wolf","Endangered","Mammals","United States"
"Relict gull","Endangered","Birds","India"
"Relict gull","Endangered","Birds","China"
"Relict trillium","Endangered","Flowering Plants","United States"
"Resplendent quetzel","Endangered","Birds","Panama"
"Resplendent quetzel","Endangered","Birds","Mexico"
"Ring pink (mussel)","Endangered","Clams","United States"
"Rio Grande Silvery Minnow","Endangered","Fishes","United States"
"Rio Grande Silvery Minnow","Endangered","Fishes","Mexico"
"Riparian brush rabbit","Endangered","Mammals","United States"
"Riparian woodrat (=San Joaquin Valley)","Endangered","Mammals","United States"
"River terrapin","Endangered","Reptiles","Myanmar (Burma)"
"River terrapin","Endangered","Reptiles","Bangladesh"
"River terrapin","Endangered","Reptiles","Malaysia"
"River terrapin","Endangered","Reptiles","Indonesia"
"River terrapin","Endangered","Reptiles","India"
"Rodrigues fody","Endangered","Birds","Mauritius"
"Rodrigues fruit bat (=flying fox)","Endangered","Mammals","Mauritius"
"Rodrigues warbler (old world warbler)","Endangered","Birds","Mauritius"
"Roseate tern","Endangered","Birds","United States"
"Roseate tern","Endangered","Birds","Canada"
"Roseate tern","Threatened","Birds","Bermuda"
"Roseate tern","Threatened","Birds","British Virgin Islands"
"Roseate tern","Threatened","Birds","Brazil"
"Roseate tern","Threatened","Birds","United States"
"Roswell springsnail","Endangered","Snails","United States"
"Rough-leaved loosestrife","Endangered","Flowering Plants","United States"
"Rough pigtoe","Endangered","Clams","United States"
"rough popcornflower","Endangered","Flowering Plants","United States"
"Round Island casarea boa","Endangered","Reptiles","Mauritius"
"Round Island day gecko","Endangered","Reptiles","Mauritius"
"Round Island skink","Threatened","Reptiles","Mauritius"
"Round-tailed muskrat","Species of Concern","Mammals","United States"
"Ruddy Duck","Species of Concern","Birds","United States"
"Running buffalo clover","Endangered","Flowering Plants","United States"
"Rush Darter","Endangered","Fishes","United States"
"Rusty patched bumble bee","Endangered","Insects","United States"
"Saimaa seal","Endangered","Mammals","Finland"
"Salado Salamander","Threatened","Amphibians","United States"
"Salt marsh bird's-beak","Endangered","Flowering Plants","Mexico"
"Salt marsh bird's-beak","Endangered","Flowering Plants","United States"
"Saltmarsh Sparrow","Species of Concern","Birds","United States"
"Saltwater crocodile","Threatened","Reptiles","Australia"
"Saltwater crocodile","Endangered","Reptiles","United States"
"San Bernardino Merriam's kangaroo rat","Endangered","Mammals","United States"
"San Bruno elfin butterfly","Endangered","Insects","United States"
"Sand gazelle","Endangered","Mammals","Jordan"
"San Diego ambrosia","Endangered","Flowering Plants","United States"
"San Diego ambrosia","Endangered","Flowering Plants","Mexico"
"San Diego black-tailed jackrabbit","Species of Concern","Mammals","United States"
"San Diego black-tailed jackrabbit","Species of Concern","Mammals","Mexico"
"San Diego button-celery","Endangered","Flowering Plants","United States"
"San Diego fairy shrimp","Endangered","Crustaceans","United States"
"San Diego mesa-mint","Endangered","Flowering Plants","United States"
"San Diego thornmint","Threatened","Flowering Plants","United States"
"San Diego thornmint","Threatened","Flowering Plants","Mexico"
"Sand skink","Threatened","Reptiles","United States"
"San Esteban Island chuckwalla","Endangered","Reptiles","Mexico"
"San Joaquin kit fox","Endangered","Mammals","United States"
"San Marcos salamander","Threatened","Amphibians","United States"
"Santa Ana sucker","Threatened","Fishes","United States"
"Santa Barbara song sparrow","Extinction","Birds","United States"
"Santa Monica Mountains dudleyea","Threatened","Flowering Plants","United States"
"Sclater's monal pheasant","Endangered","Birds","Myanmar (Burma)"
"Sclater's monal pheasant","Endangered","Birds","India"
"Sclater's monal pheasant","Endangered","Birds","China"
"Seabeach amaranth","Threatened","Flowering Plants","United States"
"Serow","Endangered","Mammals","Indonesia"
"Seychelles fody (weaver-finch)","Endangered","Birds","Seychelles"
"Seychelles kestrel","Endangered","Birds","Seychelles"
"Seychelles lesser vasa parrot","Endangered","Birds","Seychelles"
"Seychelles magpie-robin (thrush)","Endangered","Birds","Seychelles"
"Seychelles paradise flycatcher","Endangered","Birds","Seychelles"
"Seychelles scops owl","Endangered","Birds","Seychelles"
"Seychelles warbler (old world warbler)","Endangered","Birds","Seychelles"
"Sharp shinned hawk","Species of Concern","Birds","United States"
"Sheepnose Mussel","Endangered","Clams","United States"
"Shenandoah salamander","Endangered","Amphibians","United States"
"Shiny pigtoe","Endangered","Clams","United States"
"Shinyrayed pocketbook","Endangered","Clams","United States"
"Shortnose Sucker","Endangered","Fishes","United States"
"Shortridge's mouse","Endangered","Mammals","Australia"
"Short's goldenrod","Endangered","Flowering Plants","United States"
"Short-tailed albatross","Endangered","Birds","Japan"
"Short-tailed albatross","Endangered","Birds","Russia"
"Short-tailed albatross","Endangered","Birds","United States"
"Short-tailed albatross","Endangered","Birds","Taiwan"
"Showy Indian clover","Endangered","Flowering Plants","United States"
"Siamang","Endangered","Mammals","Malaysia"
"Siamang","Endangered","Mammals","Indonesia"
"Siberian white Crane","Endangered","Birds","Russia"
"Siberian white Crane","Endangered","Birds","China"
"Siberian white Crane","Endangered","Birds","Iran"
"Siberian white Crane","Endangered","Birds","India"
"Sierra Nevada bighorn sheep","Endangered","Mammals","United States"
"Sifakas","Endangered","Mammals","Madagascar"
"Slabside Pearlymussel","Endangered","Clams","United States"
"Slender chub","Threatened","Fishes","United States"
"Slender-horned gazelle","Endangered","Mammals","Sudan"
"Slender-horned gazelle","Endangered","Mammals","Algeria"
"Slender-horned gazelle","Endangered","Mammals","Egypt"
"Slender-horned gazelle","Endangered","Mammals","Libya"
"Sneed pincushion cactus","Endangered","Flowering Plants","United States"
"Solitary tinamou","Endangered","Birds","Brazil"
"Solitary tinamou","Endangered","Birds","Paraguay"
"Solitary tinamou","Endangered","Birds","Argentina"
"Song Sparrow","Species of Concern","Birds","United States"
"Song Sparrow","Species of Concern","Birds","United States"
"Song Sparrow","Species of Concern","Birds","United States"
"Sonora chub","Threatened","Fishes","Mexico"
"Sonora chub","Threatened","Fishes","United States"
"Sonoran pronghorn","Endangered","Mammals","United States"
"Sonoran pronghorn","Endangered","Mammals","Mexico"
"South American (=Brazilian) tapir","Endangered","Mammals","Colombia"
"South American (=Brazilian) tapir","Endangered","Mammals","Argentina"
"South American (=Brazilian) tapir","Endangered","Mammals","Paraguay"
"South American (=Brazilian) tapir","Endangered","Mammals","Venezuela"
"Southeastern American kestrel","Species of Concern","Birds","United States"
"Southeastern beach mouse","Threatened","Mammals","United States"
"Southern clubshell","Endangered","Clams","United States"
"Southern combshell","Endangered","Clams","United States"
"Southern mountain wild-buckwheat","Threatened","Flowering Plants","United States"
"Southern pigtoe","Endangered","Clams","United States"
"Southern river otter","Endangered","Mammals","Chile"
"Southern river otter","Endangered","Mammals","Argentina"
"Southern sandshell","Threatened","Clams","United States"
"Southern sea otter","Threatened","Mammals","Mexico"
"Southern sea otter","Threatened","Mammals","United States"
"Southwestern willow flycatcher","Endangered","Birds","United States"
"Southwestern willow flycatcher","Endangered","Birds","Mexico"
"Spanish imperial eagle","Endangered","Birds","Morocco"
"Spanish imperial eagle","Endangered","Birds","Spain"
"Spanish imperial eagle","Endangered","Birds","Algeria"
"Spectacled eider","Threatened","Birds","Russia"
"Spectacled eider","Threatened","Birds","United States"
"Spotted Towhee","Species of Concern","Birds","United States"
"Spreading avens","Endangered","Flowering Plants","United States"
"Spreading navarretia","Threatened","Flowering Plants","Mexico"
"Spreading navarretia","Threatened","Flowering Plants","United States"
"Spring-loving centaury","Threatened","Flowering Plants","United States"
"Staghorn coral","Threatened","Corals","Colombia"
"Staghorn coral","Threatened","Corals","Costa Rica"
"Staghorn coral","Threatened","Corals","Panama"
"Staghorn coral","Threatened","Corals","Mexico"
"Staghorn coral","Threatened","Corals","Venezuela"
"Staghorn coral","Threatened","Corals","Guatemala"
"Staghorn coral","Threatened","Corals","Nicaragua"
"Staghorn coral","Threatened","Corals","Belize"
"Staghorn coral","Threatened","Corals","Honduras"
"St. Croix ground lizard","Endangered","Reptiles","United States"
"St. Croix ground lizard","Endangered","Reptiles","U.S. Virgin Islands"
"Steller sea lion","Endangered","Mammals","Russia"
"Steller's Eider","Threatened","Birds","United States"
"Steller's Eider","Threatened","Birds","Russia"
"Stephens' kangaroo rat","Endangered","Mammals","United States"
"St. Francis River Crayfish","Threatened","Crustaceans","United States"
"Stick-nest rat","Endangered","Mammals","Australia"
"St. Lucia parrot","Endangered","Birds","Saint Lucia"
"Streaked Horned lark","Threatened","Birds","United States"
"Suwannee moccasinshell","Threatened","Clams","United States"
"Swamp pink","Threatened","Flowering Plants","United States"
"Swinhoe's pheasant","Endangered","Birds","Taiwan"
"Tahiti flycatcher","Endangered","Birds","French Polynesia"
"Tampico pearlymussel","Endangered","Clams","Mexico"
"Tan riffleshell","Endangered","Clams","United States"
"Tar River spinymussel","Endangered","Clams","United States"
"Tasmanian forester kangaroo","Endangered","Mammals","Australia"
"Tasmanian tiger","Endangered","Mammals","Australia"
"Taylor's (=whulge) Checkerspot","Endangered","Insects","United States"
"Telephus spurge","Threatened","Flowering Plants","United States"
"Texas blind salamander","Endangered","Amphibians","United States"
"Texas wild-rice","Endangered","Flowering Plants","United States"
"Thick-billed parrot","Endangered","Birds","Mexico"
"Thread-leaved brodiaea","Threatened","Flowering Plants","United States"
"Three Forks Springsnail","Endangered","Snails","United States"
"Tobusch fishhook cactus","Threatened","Flowering Plants","United States"
"Tomistoma","Endangered","Reptiles","Malaysia"
"Tomistoma","Endangered","Reptiles","Indonesia"
"Topeka shiner","Endangered","Fishes","United States"
"Toque macaque","Threatened","Mammals","Sri Lanka"
"Turks and Caicos iguana","Threatened","Reptiles","Turks and Caicos Islands"
"Unarmored threespine stickleback","Endangered","Fishes","United States"
"Urial","Endangered","Mammals","Cyprus"
"Uvillo","Endangered","Flowering Plants","United States"
"Uvillo","Endangered","Flowering Plants","Puerto Rico"
"Vahl's boxwood","Endangered","Flowering Plants","United States"
"Vahl's boxwood","Endangered","Flowering Plants","U.S. Virgin Islands"
"Vahl's boxwood","Endangered","Flowering Plants","Puerto Rico"
"Valley elderberry longhorn beetle","Threatened","Insects","United States"
"Virginia big-eared bat","Endangered","Mammals","United States"
"Virginia round-leaf birch","Threatened","Flowering Plants","United States"
"Virgin Islands tree boa","Endangered","Reptiles","Puerto Rico"
"Virgin Islands tree boa","Endangered","Reptiles","U.S. Virgin Islands"
"Virgin Islands tree boa","Endangered","Reptiles","British Virgin Islands"
"Virgin Islands tree boa","Endangered","Reptiles","United States"
"Volcano rabbit","Endangered","Mammals","Mexico"
"Watling Island ground iguana","Endangered","Reptiles","Bahamas"
"Western burrowing owl","Species of Concern","Birds","United States"
"Western burrowing owl","Species of Concern","Birds","Mexico"
"Western burrowing owl","Species of Concern","Birds","Canada"
"Western giant eland","Endangered","Mammals","Ivory Coast"
"Western giant eland","Endangered","Mammals","Senegal"
"Western mouse","Endangered","Mammals","Australia"
"Western prairie fringed Orchid","Threatened","Flowering Plants","Canada"
"Western prairie fringed Orchid","Threatened","Flowering Plants","United States"
"Western snowy plover","Threatened","Birds","United States"
"Western snowy plover","Threatened","Birds","Mexico"
"Western tragopan pheasant","Endangered","Birds","India"
"Western tragopan pheasant","Endangered","Birds","Pakistan"
"West Indian Manatee","Threatened","Mammals","Brazil"
"West Indian Manatee","Threatened","Mammals","French Guiana"
"West Indian Manatee","Threatened","Mammals","Jamaica"
"West Indian Manatee","Threatened","Mammals","Bahamas"
"West Indian Manatee","Threatened","Mammals","Guyana"
"West Indian Manatee","Threatened","Mammals","Costa Rica"
"West Indian Manatee","Threatened","Mammals","Trinidad and Tobago"
"West Indian Manatee","Threatened","Mammals","Mexico"
"West Indian Manatee","Threatened","Mammals","El Salvador"
"West Indian Manatee","Threatened","Mammals","Puerto Rico"
"West Indian Manatee","Threatened","Mammals","Panama"
"West Indian Manatee","Threatened","Mammals","Venezuela"
"West Indian Manatee","Threatened","Mammals","Belize"
"West Indian Manatee","Threatened","Mammals","Colombia"
"West Indian Manatee","Threatened","Mammals","Nicaragua"
"West Indian Manatee","Threatened","Mammals","Guatemala"
"West Indian Manatee","Threatened","Mammals","Cuba"
"West Indian Manatee","Threatened","Mammals","Haiti"
"West Indian Manatee","Threatened","Mammals","Dominican Republic"
"West Indian Manatee","Threatened","Mammals","U.S. Virgin Islands"
"West Indian Manatee","Threatened","Mammals","United States"
"West Indian Manatee","Threatened","Mammals","Honduras"
"West Indian whistling duck","Species of Concern","Birds","United States"
"White catspaw (pearlymussel)","Endangered","Clams","United States"
"White Cay ground iguana","Threatened","Reptiles","Bahamas"
"White-crowned pigeon","Species of Concern","Birds","United States"
"White eared pheasant","Endangered","Birds","India"
"White eared pheasant","Endangered","Birds","China"
"White-faced ibis","Species of Concern","Birds","United States"
"White-faced ibis","Species of Concern","Birds","Mexico"
"White fringeless orchid","Threatened","Flowering Plants","United States"
"White-naped Crane","Endangered","Birds","Mongolia"
"White-necked crow","Endangered","Birds","Dominican Republic"
"White-necked crow","Endangered","Birds","Haiti"
"White sturgeon","Endangered","Fishes","United States"
"White sturgeon","Endangered","Fishes","Canada"
"White-winged wood duck","Endangered","Birds","Indonesia"
"White-winged wood duck","Endangered","Birds","Thailand"
"White-winged wood duck","Endangered","Birds","India"
"White-winged wood duck","Endangered","Birds","Malaysia"
"Whooping crane","Endangered","Birds","United States"
"Whooping crane","Endangered","Birds","Canada"
"Willowy monardella","Endangered","Flowering Plants","Mexico"
"Willowy monardella","Endangered","Flowering Plants","United States"
"Winged Mapleleaf","Endangered","Clams","United States"
"Wood Bison","Threatened","Mammals","United States"
"Wood Bison","Threatened","Mammals","Canada"
"Woodland Caribou","Endangered","Mammals","United States"
"Woodland Caribou","Endangered","Mammals","Canada"
"Wood stork","Threatened","Birds","United States"
"Woundfin","Endangered","Fishes","United States"
"Wyoming Toad","Endangered","Amphibians","United States"
"Yacare Caiman","Threatened","Reptiles","Argentina"
"Yacare Caiman","Threatened","Reptiles","Bolivia"
"Yacare Caiman","Threatened","Reptiles","Brazil"
"Yacare Caiman","Threatened","Reptiles","Peru"
"Yellow-billed Cuckoo","Threatened","Birds","Mexico"
"Yellow-billed Cuckoo","Threatened","Birds","Canada"
"Yellow-billed Cuckoo","Threatened","Birds","United States"
"Yellow blossom (pearlymussel)","Endangered","Clams","United States"
"Yellowcheek Darter","Endangered","Fishes","United States"
"Yellow lampmussel","Species of Concern","Clams","United States"
"Yellow lampmussel","Species of Concern","Clams","Canada"
"Yellow-shouldered blackbird","Endangered","Birds","United States"
"Yellow-shouldered blackbird","Endangered","Birds","Puerto Rico"
"Yuma Ridgways (clapper) rail","Endangered","Birds","United States"
"Zanzibar red colobus monkey","Endangered","Mammals","Tanzania"
"Zanzibar suni","Endangered","Mammals","Tanzania"
