"common_name","esa_status","species_group","state"
"Akekee","Endangered","Birds","Hawaii"
"Akikiki","Endangered","Birds","Hawaii"
"Alabama beach mouse","Endangered","Mammals","Alabama"
"Alabama canebrake pitcher-plant","Endangered","Flowering Plants","Alabama"
"Alabama lampmussel","Endangered","Clams","Tennessee"
"Alabama lampmussel","Endangered","Clams","Alabama"
"Alabama leather flower","Endangered","Flowering Plants","Alabama"
"Alabama leather flower","Endangered","Flowering Plants","Georgia"
"Alabama moccasinshell","Threatened","Clams","Alabama"
"Alabama moccasinshell","Threatened","Clams","Georgia"
"Alabama moccasinshell","Threatened","Clams","Tennessee"
"Alabama moccasinshell","Threatened","Clams","Mississippi"
"Alabama pearlshell","Endangered","Clams","Alabama"
"American alligator","Threatened","Reptiles","Florida"
"American alligator","Threatened","Reptiles","Oklahoma"
"American alligator","Threatened","Reptiles","North Carolina"
"American burying beetle","Threatened","Insects","Rhode Island"
"American burying beetle","Threatened","Insects","Texas"
"American burying beetle","Threatened","Insects","Massachusetts"
"American burying beetle","Threatened","Insects","South Dakota"
"American burying beetle","Threatened","Insects","Ohio"
"American burying beetle","Threatened","Insects","Arkansas"
"American burying beetle","Threatened","Insects","Oklahoma"
"American burying beetle","Threatened","Insects","Kansas"
"American burying beetle","Threatened","Insects","Nebraska"
"American crocodile","Threatened","Reptiles","Florida"
"Anastasia Island beach mouse","Endangered","Mammals","Florida"
"Apache trout","Threatened","Fishes","Arizona"
"Applegate's milk-vetch","Endangered","Flowering Plants","California"
"Applegate's milk-vetch","Endangered","Flowering Plants","Oregon"
"Arizona hedgehog cactus","Endangered","Flowering Plants","Arizona"
"Arkansas fatmucket","Threatened","Clams","Arkansas"
"Arroyo (=arroyo southwestern) toad","Endangered","Amphibians","California"
"Ash Meadows Amargosa pupfish","Endangered","Fishes","Nevada"
"Ash Meadows gumplant","Threatened","Flowering Plants","Nevada"
"Ash Meadows ivesia","Threatened","Flowering Plants","Nevada"
"Ash meadows milk-vetch","Threatened","Flowering Plants","Nevada"
"Ash Meadows naucorid","Threatened","Insects","Nevada"
"Ash Meadows speckled dace","Endangered","Fishes","Nevada"
"Atlantic puffin","Species of Concern","Birds","Maine"
"Atlantic salmon","Endangered","Fishes","Maine"
"Atlantic sturgeon (Gulf subspecies)","Threatened","Fishes","Louisiana"
"Atlantic sturgeon (Gulf subspecies)","Threatened","Fishes","Florida"
"Atlantic sturgeon (Gulf subspecies)","Threatened","Fishes","Alabama"
"Atlantic sturgeon (Gulf subspecies)","Threatened","Fishes","Mississippi"
"Audubon's crested caracara","Threatened","Birds","Florida"
"Austin blind Salamander","Endangered","Amphibians","Texas"
"Bachman's sparrow","Species of Concern","Birds","Florida"
"Bachman's sparrow","Species of Concern","Birds","Virginia"
"Band-rumped storm-petrel","Endangered","Birds","Hawaii"
"Barton Springs salamander","Endangered","Amphibians","Texas"
"Bay checkerspot butterfly","Threatened","Insects","California"
"Beach layia","Endangered","Flowering Plants","California"
"Beautiful goetzea","Endangered","Flowering Plants","Puerto Rico"
"Beautiful shiner","Threatened","Fishes","Arizona"
"Beautiful shiner","Threatened","Fishes","New Mexico"
"Behren's silverspot butterfly","Endangered","Insects","California"
"Benton County cave crayfish","Endangered","Crustaceans","Arkansas"
"Benton County cave crayfish","Endangered","Crustaceans","Missouri"
"Big Bend gambusia","Endangered","Fishes","Texas"
"Big Creek Crayfish","Threatened","Crustaceans","Missouri"
"Black-capped petrel","Threatened","Birds","North Carolina"
"Black-capped petrel","Threatened","Birds","Georgia"
"Black-capped petrel","Threatened","Birds","South Carolina"
"Black-footed ferret","Endangered","Mammals","New Mexico"
"Black-footed ferret","Endangered","Mammals","Montana"
"Black-footed ferret","Endangered","Mammals","Colorado"
"Black-footed ferret","Endangered","Mammals","Kansas"
"Black-footed ferret","Endangered","Mammals","Arizona"
"Black-footed ferret","Endangered","Mammals","South Dakota"
"Black pine snake","Threatened","Reptiles","Mississippi"
"Black pine snake","Threatened","Reptiles","Alabama"
"Black Rail","Species of Concern","Birds","Indiana"
"Black Rail","Species of Concern","Birds","Alabama"
"Black Rail","Species of Concern","Birds","Connecticut"
"Black Rail","Species of Concern","Birds","Pennsylvania"
"Black Rail","Species of Concern","Birds","Virgin Islands"
"Black Rail","Species of Concern","Birds","Maryland"
"Black Rail","Species of Concern","Birds","Delaware"
"Black Rail","Species of Concern","Birds","West Virginia"
"Black Rail","Species of Concern","Birds","Colorado"
"Black Rail","Species of Concern","Birds","Oklahoma"
"Black Rail","Species of Concern","Birds","Kansas"
"Black Rail","Species of Concern","Birds","Kentucky"
"Black Rail","Species of Concern","Birds","Massachusetts"
"Black Rail","Species of Concern","Birds","Texas"
"Black Rail","Species of Concern","Birds","New York"
"Black Rail","Species of Concern","Birds","Virginia"
"Black Rail","Species of Concern","Birds","Rhode Island"
"Black Rail","Species of Concern","Birds","Arkansas"
"Black Rail","Species of Concern","Birds","Ohio"
"Black Rail","Species of Concern","Birds","Georgia"
"Black Rail","Species of Concern","Birds","Tennessee"
"Black Rail","Species of Concern","Birds","South Carolina"
"Black Rail","Species of Concern","Birds","Louisiana"
"Black Rail","Species of Concern","Birds","Michigan"
"Black Rail","Species of Concern","Birds","North Carolina"
"Black Rail","Species of Concern","Birds","Iowa"
"Black Rail","Species of Concern","Birds","Illinois"
"Black Rail","Species of Concern","Birds","Florida"
"Black Rail","Species of Concern","Birds","Mississippi"
"Black Rail","Species of Concern","Birds","New Jersey"
"Black Rail","Species of Concern","Birds","Puerto Rico"
"Black Rail","Species of Concern","Birds","Missouri"
"Black tern","Species of Concern","Birds","Colorado"
"Black tern","Species of Concern","Birds","Washington"
"Black tern","Species of Concern","Birds","North Dakota"
"Black tern","Species of Concern","Birds","Missouri"
"Black tern","Species of Concern","Birds","Idaho"
"Black tern","Species of Concern","Birds","Wisconsin"
"Black tern","Species of Concern","Birds","Kansas"
"Black tern","Species of Concern","Birds","New York"
"Black tern","Species of Concern","Birds","South Dakota"
"Black tern","Species of Concern","Birds","Maine"
"Black tern","Species of Concern","Birds","Nevada"
"Black tern","Species of Concern","Birds","Ohio"
"Black tern","Species of Concern","Birds","Indiana"
"Black tern","Species of Concern","Birds","Michigan"
"Black tern","Species of Concern","Birds","Utah"
"Black tern","Species of Concern","Birds","Nebraska"
"Black tern","Species of Concern","Birds","California"
"Black tern","Species of Concern","Birds","Montana"
"Black tern","Species of Concern","Birds","Illinois"
"Black tern","Species of Concern","Birds","Iowa"
"Black tern","Species of Concern","Birds","Wyoming"
"Black tern","Species of Concern","Birds","Oregon"
"Black tern","Species of Concern","Birds","Minnesota"
"Black toad","Species of Concern","Amphibians","California"
"Black warrior (=Sipsey Fork) Waterdog","Endangered","Amphibians","Alabama"
"Blowout penstemon","Endangered","Flowering Plants","Wyoming"
"Blowout penstemon","Endangered","Flowering Plants","Nebraska"
"Blunt-nosed leopard lizard","Endangered","Reptiles","California"
"bog turtle","Threatened","Reptiles","New York"
"bog turtle","Threatened","Reptiles","South Carolina"
"bog turtle","Threatened","Reptiles","New Jersey"
"bog turtle","Threatened","Reptiles","Massachusetts"
"bog turtle","Threatened","Reptiles","North Carolina"
"bog turtle","Threatened","Reptiles","Tennessee"
"bog turtle","Threatened","Reptiles","Pennsylvania"
"bog turtle","Threatened","Reptiles","Maryland"
"bog turtle","Threatened","Reptiles","Delaware"
"bog turtle","Threatened","Reptiles","Connecticut"
"Bonytail","Endangered","Fishes","California"
"Bonytail","Endangered","Fishes","Utah"
"Bonytail","Endangered","Fishes","Arizona"
"Bonytail","Endangered","Fishes","Colorado"
"Bonytail","Endangered","Fishes","Nevada"
"Bristle-thighed curlew","Species of Concern","Birds","American Samoa"
"Buena Vista Lake ornate Shrew","Endangered","Mammals","California"
"Bull Trout","Threatened","Fishes","Oregon"
"Bull Trout","Threatened","Fishes","Idaho"
"Bull Trout","Threatened","Fishes","Montana"
"Bull Trout","Threatened","Fishes","Washington"
"Bull Trout","Threatened","Fishes","Nevada"
"Bunched arrowhead","Endangered","Flowering Plants","South Carolina"
"Bunched arrowhead","Endangered","Flowering Plants","North Carolina"
"California clapper rail","Endangered","Birds","California"
"California condor","Endangered","Birds","Arizona"
"California condor","Endangered","Birds","Nevada"
"California condor","Endangered","Birds","Colorado"
"California condor","Endangered","Birds","California"
"California condor","Endangered","Birds","Utah"
"California least tern","Endangered","Birds","California"
"California least tern","Endangered","Birds","Arizona"
"California red-legged frog","Threatened","Amphibians","California"
"California seablite","Endangered","Flowering Plants","California"
"California tiger Salamander","Threatened","Amphibians","California"
"California tiger Salamander","Endangered","Amphibians","California"
"Callippe silverspot butterfly","Endangered","Insects","California"
"Canada Lynx","Threatened","Mammals","Minnesota"
"Canada Lynx","Threatened","Mammals","Vermont"
"Canada Lynx","Threatened","Mammals","Colorado"
"Canada Lynx","Threatened","Mammals","Michigan"
"Canada Lynx","Threatened","Mammals","Utah"
"Canada Lynx","Threatened","Mammals","Oregon"
"Canada Lynx","Threatened","Mammals","Idaho"
"Canada Lynx","Threatened","Mammals","Wisconsin"
"Canada Lynx","Threatened","Mammals","New Mexico"
"Canada Lynx","Threatened","Mammals","Montana"
"Canada Lynx","Threatened","Mammals","New Hampshire"
"Canada Lynx","Threatened","Mammals","Maine"
"Canada Lynx","Threatened","Mammals","Washington"
"Canada Lynx","Threatened","Mammals","Wyoming"
"Canby's dropwort","Endangered","Flowering Plants","Georgia"
"Canby's dropwort","Endangered","Flowering Plants","Maryland"
"Canby's dropwort","Endangered","Flowering Plants","Delaware"
"Canby's dropwort","Endangered","Flowering Plants","North Carolina"
"Canby's dropwort","Endangered","Flowering Plants","South Carolina"
"Candy darter","Endangered","Fishes","West Virginia"
"Candy darter","Endangered","Fishes","Virginia"
"Cape Sable seaside sparrow","Endangered","Birds","Florida"
"Carolina heelsplitter","Endangered","Clams","North Carolina"
"Carolina heelsplitter","Endangered","Clams","South Carolina"
"Casey's June Beetle","Endangered","Insects","California"
"Cheat Mountain salamander","Threatened","Amphibians","West Virginia"
"Cherokee darter","Threatened","Fishes","Georgia"
"Chihuahua chub","Threatened","Fishes","New Mexico"
"Chittenango ovate amber snail","Threatened","Snails","New York"
"Chucky Madtom","Endangered","Fishes","Tennessee"
"Chupacallos","Endangered","Flowering Plants","Puerto Rico"
"Clay-Loving wild buckwheat","Endangered","Flowering Plants","Colorado"
"Clay phacelia","Endangered","Flowering Plants","Utah"
"Clubshell","Endangered","Clams","Illinois"
"Clubshell","Endangered","Clams","Tennessee"
"Clubshell","Endangered","Clams","Ohio"
"Clubshell","Endangered","Clams","Indiana"
"Clubshell","Endangered","Clams","Michigan"
"Clubshell","Endangered","Clams","New York"
"Clubshell","Endangered","Clams","Kentucky"
"Clubshell","Endangered","Clams","West Virginia"
"Clubshell","Endangered","Clams","Pennsylvania"
"Clubshell","Endangered","Clams","Mississippi"
"Coachella Valley fringe-toed lizard","Threatened","Reptiles","California"
"Cobana negra","Threatened","Flowering Plants","Puerto Rico"
"Colorado hookless Cactus","Threatened","Flowering Plants","Colorado"
"Colorado pikeminnow (=squawfish)","Endangered","Fishes","New Mexico"
"Colorado pikeminnow (=squawfish)","Endangered","Fishes","Utah"
"Colorado pikeminnow (=squawfish)","Endangered","Fishes","California"
"Colorado pikeminnow (=squawfish)","Endangered","Fishes","Colorado"
"Colorado pikeminnow (=squawfish)","Endangered","Fishes","Wyoming"
"Colorado pikeminnow (=squawfish)","Endangered","Fishes","Arizona"
"Columbia Basin Pygmy Rabbit","Endangered","Mammals","Washington"
"Columbian white-tailed deer","Threatened","Mammals","Washington"
"Columbian white-tailed deer","Threatened","Mammals","Oregon"
"Comanche-peak prairie-clover","Species of Concern","Flowering Plants","Texas"
"Comanche Springs pupfish","Endangered","Fishes","Texas"
"Common tern","Species of Concern","Birds","Wisconsin"
"Common tern","Species of Concern","Birds","New York"
"Common tern","Species of Concern","Birds","Illinois"
"Common tern","Species of Concern","Birds","Michigan"
"Common tern","Species of Concern","Birds","Indiana"
"Common tern","Species of Concern","Birds","Pennsylvania"
"Common tern","Species of Concern","Birds","Minnesota"
"Common tern","Species of Concern","Birds","Ohio"
"Common Yellowthroat","Species of Concern","Birds","California"
"Cook's lomatium","Endangered","Flowering Plants","Oregon"
"Cooper's hawk","Species of Concern","Birds","California"
"Coosa moccasinshell","Endangered","Clams","Alabama"
"Coosa moccasinshell","Endangered","Clams","Georgia"
"Coosa moccasinshell","Endangered","Clams","Tennessee"
"Copperbelly water snake","Threatened","Reptiles","Indiana"
"Copperbelly water snake","Threatened","Reptiles","Ohio"
"Copperbelly water snake","Threatened","Reptiles","Michigan"
"Cumberland bean (pearlymussel)","Endangered","Clams","Tennessee"
"Cumberland bean (pearlymussel)","Endangered","Clams","Kentucky"
"Cumberland darter","Endangered","Fishes","Tennessee"
"Cumberland darter","Endangered","Fishes","Kentucky"
"Cumberlandian combshell","Endangered","Clams","Tennessee"
"Cumberlandian combshell","Endangered","Clams","Virginia"
"Cumberlandian combshell","Endangered","Clams","Kentucky"
"Cumberlandian combshell","Endangered","Clams","Mississippi"
"Cumberland pigtoe","Endangered","Clams","Tennessee"
"Dakota Skipper","Threatened","Insects","Minnesota"
"Dakota Skipper","Threatened","Insects","North Dakota"
"Dakota Skipper","Threatened","Insects","Iowa"
"Dakota Skipper","Threatened","Insects","South Dakota"
"DeBeque phacelia","Threatened","Flowering Plants","Colorado"
"Delhi Sands flower-loving fly","Endangered","Insects","California"
"Delta green ground beetle","Threatened","Insects","California"
"Delta smelt","Threatened","Fishes","California"
"Desert pupfish","Endangered","Fishes","Arizona"
"Desert pupfish","Endangered","Fishes","California"
"Desert tortoise","Threatened","Reptiles","Arizona"
"Desert tortoise","Threatened","Reptiles","California"
"Desert tortoise","Threatened","Reptiles","Utah"
"Desert tortoise","Threatened","Reptiles","Nevada"
"Desert tortoise","Threatened","Reptiles","Oregon"
"Devils Hole pupfish","Endangered","Fishes","Nevada"
"Devils River minnow","Threatened","Fishes","Texas"
"diamond Darter","Endangered","Fishes","Tennessee"
"diamond Darter","Endangered","Fishes","West Virginia"
"Dolly Varden","Threatened","Fishes","Washington"
"Dromedary pearlymussel","Endangered","Clams","Kentucky"
"Dromedary pearlymussel","Endangered","Clams","Virginia"
"Dromedary pearlymussel","Endangered","Clams","Tennessee"
"Dromedary pearlymussel","Endangered","Clams","Alabama"
"Dudley Bluffs bladderpod","Threatened","Flowering Plants","Colorado"
"Dudley Bluffs twinpod","Threatened","Flowering Plants","Colorado"
"dusky gopher frog","Endangered","Amphibians","Alabama"
"dusky gopher frog","Endangered","Amphibians","Mississippi"
"Dwarf wedgemussel","Endangered","Clams","Virginia"
"Dwarf wedgemussel","Endangered","Clams","New Jersey"
"Dwarf wedgemussel","Endangered","Clams","New Hampshire"
"Dwarf wedgemussel","Endangered","Clams","Vermont"
"Dwarf wedgemussel","Endangered","Clams","North Carolina"
"Dwarf wedgemussel","Endangered","Clams","Connecticut"
"Dwarf wedgemussel","Endangered","Clams","Pennsylvania"
"Dwarf wedgemussel","Endangered","Clams","Maryland"
"Dwarf wedgemussel","Endangered","Clams","New York"
"Dwarf wedgemussel","Endangered","Clams","Massachusetts"
"Eastern Black rail","Threatened","Birds","New York"
"Eastern Black rail","Threatened","Birds","Massachusetts"
"Eastern Black rail","Threatened","Birds","Texas"
"Eastern Black rail","Threatened","Birds","Virginia"
"Eastern Black rail","Threatened","Birds","Kentucky"
"Eastern Black rail","Threatened","Birds","Kansas"
"Eastern Black rail","Threatened","Birds","Puerto Rico"
"Eastern Black rail","Threatened","Birds","Minnesota"
"Eastern Black rail","Threatened","Birds","Pennsylvania"
"Eastern Black rail","Threatened","Birds","Maryland"
"Eastern Black rail","Threatened","Birds","Virgin Islands"
"Eastern Black rail","Threatened","Birds","Colorado"
"Eastern Black rail","Threatened","Birds","Delaware"
"Eastern Black rail","Threatened","Birds","Illinois"
"Eastern Black rail","Threatened","Birds","Mississippi"
"Eastern Black rail","Threatened","Birds","West Virginia"
"Eastern Black rail","Threatened","Birds","Oklahoma"
"Eastern Black rail","Threatened","Birds","Florida"
"Eastern Black rail","Threatened","Birds","Tennessee"
"Eastern Black rail","Threatened","Birds","Georgia"
"Eastern Black rail","Threatened","Birds","Ohio"
"Eastern Black rail","Threatened","Birds","Arkansas"
"Eastern Black rail","Threatened","Birds","Vermont"
"Eastern Black rail","Threatened","Birds","Rhode Island"
"Eastern Black rail","Threatened","Birds","Alabama"
"Eastern Black rail","Threatened","Birds","Nebraska"
"Eastern Black rail","Threatened","Birds","Michigan"
"Eastern Black rail","Threatened","Birds","Indiana"
"Eastern Black rail","Threatened","Birds","Louisiana"
"Eastern Black rail","Threatened","Birds","South Carolina"
"Eastern Black rail","Threatened","Birds","New Jersey"
"Eastern Black rail","Threatened","Birds","New Hampshire"
"Eastern Black rail","Threatened","Birds","Connecticut"
"Eastern Black rail","Threatened","Birds","Wisconsin"
"Eastern Black rail","Threatened","Birds","Missouri"
"Eastern Black rail","Threatened","Birds","New Mexico"
"Eastern Black rail","Threatened","Birds","North Carolina"
"Eastern Hellbender Missouri DPS","Endangered","Amphibians","Missouri"
"Eastern indigo snake","Threatened","Reptiles","Georgia"
"Eastern indigo snake","Threatened","Reptiles","Alabama"
"Eastern indigo snake","Threatened","Reptiles","Florida"
"Eastern Massasauga (=rattlesnake)","Threatened","Reptiles","Ohio"
"Eastern Massasauga (=rattlesnake)","Threatened","Reptiles","New York"
"Eastern Massasauga (=rattlesnake)","Threatened","Reptiles","Wisconsin"
"Eastern Massasauga (=rattlesnake)","Threatened","Reptiles","Indiana"
"Eastern Massasauga (=rattlesnake)","Threatened","Reptiles","Pennsylvania"
"Eastern Massasauga (=rattlesnake)","Threatened","Reptiles","Iowa"
"Eastern Massasauga (=rattlesnake)","Threatened","Reptiles","Illinois"
"Eastern Massasauga (=rattlesnake)","Threatened","Reptiles","Michigan"
"Eastern prairie fringed orchid","Threatened","Flowering Plants","Arkansas"
"Eastern prairie fringed orchid","Threatened","Flowering Plants","Virginia"
"Eastern prairie fringed orchid","Threatened","Flowering Plants","Maine"
"Eastern prairie fringed orchid","Threatened","Flowering Plants","Ohio"
"Eastern prairie fringed orchid","Threatened","Flowering Plants","Michigan"
"Eastern prairie fringed orchid","Threatened","Flowering Plants","Indiana"
"Eastern prairie fringed orchid","Threatened","Flowering Plants","Missouri"
"Eastern prairie fringed orchid","Threatened","Flowering Plants","Wisconsin"
"Eastern prairie fringed orchid","Threatened","Flowering Plants","Pennsylvania"
"Eastern prairie fringed orchid","Threatened","Flowering Plants","West Virginia"
"Eastern prairie fringed orchid","Threatened","Flowering Plants","Minnesota"
"Eastern prairie fringed orchid","Threatened","Flowering Plants","Illinois"
"Eastern prairie fringed orchid","Threatened","Flowering Plants","Iowa"
"Elfin-woods warbler","Threatened","Birds","Puerto Rico"
"El Segundo blue butterfly","Endangered","Insects","California"
"Eskimo curlew","Endangered","Birds","Alaska"
"Eskimo curlew","Endangered","Birds","Nebraska"
"Eskimo curlew","Endangered","Birds","Texas"
"Everglade snail kite","Endangered","Birds","Florida"
"Fanshell","Endangered","Clams","Ohio"
"Fanshell","Endangered","Clams","Virginia"
"Fanshell","Endangered","Clams","Kentucky"
"Fanshell","Endangered","Clams","West Virginia"
"Fanshell","Endangered","Clams","Illinois"
"Fanshell","Endangered","Clams","Indiana"
"Fanshell","Endangered","Clams","Alabama"
"Fanshell","Endangered","Clams","Tennessee"
"Fat pocketbook","Endangered","Clams","Mississippi"
"Fat pocketbook","Endangered","Clams","Indiana"
"Fat pocketbook","Endangered","Clams","Louisiana"
"Fat pocketbook","Endangered","Clams","Missouri"
"Fat pocketbook","Endangered","Clams","Tennessee"
"Fat pocketbook","Endangered","Clams","Arkansas"
"Fat pocketbook","Endangered","Clams","Kentucky"
"Fat pocketbook","Endangered","Clams","Illinois"
"Fat threeridge (mussel)","Endangered","Clams","Georgia"
"Fat threeridge (mussel)","Endangered","Clams","Florida"
"Fender's blue butterfly","Endangered","Insects","Oregon"
"Finerayed pigtoe","Endangered","Clams","Tennessee"
"Finerayed pigtoe","Endangered","Clams","Alabama"
"Finerayed pigtoe","Endangered","Clams","Virginia"
"Flattened musk turtle","Threatened","Reptiles","Alabama"
"Florida bonneted bat","Endangered","Mammals","Florida"
"Florida grasshopper sparrow","Endangered","Birds","Florida"
"Florida panther","Endangered","Mammals","Florida"
"Florida salt marsh vole","Endangered","Mammals","Florida"
"Florida scrub-jay","Threatened","Birds","Florida"
"Fluted kidneyshell","Endangered","Clams","Virginia"
"Fluted kidneyshell","Endangered","Clams","Tennessee"
"Fluted kidneyshell","Endangered","Clams","Kentucky"
"Flying earwig Hawaiian damselfly","Endangered","Insects","Hawaii"
"Fountain darter","Endangered","Fishes","Texas"
"Fringed campion","Endangered","Flowering Plants","Georgia"
"Fringed campion","Endangered","Flowering Plants","Florida"
"Fulvous whistling duck","Species of Concern","Birds","Arizona"
"Fulvous whistling duck","Species of Concern","Birds","California"
"Gentner's Fritillary","Endangered","Flowering Plants","Oregon"
"Gentner's Fritillary","Endangered","Flowering Plants","California"
"Georgetown Salamander","Threatened","Amphibians","Texas"
"Giant garter snake","Threatened","Reptiles","California"
"Gierisch mallow","Endangered","Flowering Plants","Arizona"
"Gierisch mallow","Endangered","Flowering Plants","Utah"
"Gila trout","Threatened","Fishes","New Mexico"
"Gila trout","Threatened","Fishes","Arizona"
"Golden-cheeked warbler (=wood)","Endangered","Birds","Texas"
"Golden eagle","Species of Concern","Birds","Texas"
"Golden eagle","Species of Concern","Birds","Montana"
"golden paintbrush","Threatened","Flowering Plants","Washington"
"golden paintbrush","Threatened","Flowering Plants","Oregon"
"Goldline darter","Threatened","Fishes","Tennessee"
"Goldline darter","Threatened","Fishes","Georgia"
"Goldline darter","Threatened","Fishes","Alabama"
"Gopher tortoise","Threatened","Reptiles","Alabama"
"Gopher tortoise","Threatened","Reptiles","Mississippi"
"Gopher tortoise","Threatened","Reptiles","Louisiana"
"Gray bat","Endangered","Mammals","Arkansas"
"Gray bat","Endangered","Mammals","Tennessee"
"Gray bat","Endangered","Mammals","Missouri"
"Gray bat","Endangered","Mammals","Kentucky"
"Gray bat","Endangered","Mammals","West Virginia"
"Gray bat","Endangered","Mammals","Virginia"
"Gray bat","Endangered","Mammals","Georgia"
"Gray bat","Endangered","Mammals","Oklahoma"
"Gray bat","Endangered","Mammals","Illinois"
"Gray bat","Endangered","Mammals","Mississippi"
"Gray bat","Endangered","Mammals","Indiana"
"Gray bat","Endangered","Mammals","Florida"
"Gray bat","Endangered","Mammals","North Carolina"
"Gray bat","Endangered","Mammals","Alabama"
"Gray bat","Endangered","Mammals","Kansas"
"Greenback Cutthroat trout","Threatened","Fishes","Utah"
"Greenback Cutthroat trout","Threatened","Fishes","Colorado"
"Green pitcher-plant","Endangered","Flowering Plants","North Carolina"
"Green pitcher-plant","Endangered","Flowering Plants","Georgia"
"Green pitcher-plant","Endangered","Flowering Plants","Alabama"
"Green sea turtle","Threatened","Reptiles","South Carolina"
"Green sea turtle","Threatened","Reptiles","Virginia"
"Green sea turtle","Threatened","Reptiles","Texas"
"Green sea turtle","Threatened","Reptiles","North Carolina"
"Green sea turtle","Threatened","Reptiles","Florida"
"Green sea turtle","Endangered","Reptiles","Northern Mariana Islands"
"Green sea turtle","Endangered","Reptiles","Guam"
"Green sea turtle","Endangered","Reptiles","Palau"
"Green sea turtle","Threatened","Reptiles","Hawaii"
"Grizzly bear","Threatened","Mammals","Montana"
"Grizzly bear","Threatened","Mammals","Wyoming"
"Grizzly bear","Threatened","Mammals","Washington"
"Grizzly bear","Threatened","Mammals","Idaho"
"Guajon","Threatened","Amphibians","Puerto Rico"
"Gulf Coast jaguarundi","Endangered","Mammals","Texas"
"Gulf moccasinshell","Endangered","Clams","Florida"
"Gulf moccasinshell","Endangered","Clams","Alabama"
"Gulf moccasinshell","Endangered","Clams","Georgia"
"Gunnison sage-grouse","Threatened","Birds","Utah"
"Gunnison sage-grouse","Threatened","Birds","Colorado"
"Guyandotte River crayfish","Endangered","Crustaceans","West Virginia"
"Harper's beauty","Endangered","Flowering Plants","Florida"
"Hawaii akepa","Endangered","Birds","Hawaii"
"Hawaiian coot","Endangered","Birds","Hawaii"
"Hawaiian goose","Threatened","Birds","Hawaii"
"Hawaiian hoary bat","Endangered","Mammals","Hawaii"
"Hawaiian (=koloa) Duck","Endangered","Birds","Hawaii"
"Hawaiian stilt","Endangered","Birds","Hawaii"
"Hawaiian vetch","Endangered","Flowering Plants","Hawaii"
"Hawksbill sea turtle","Endangered","Reptiles","New York"
"Hawksbill sea turtle","Endangered","Reptiles","Texas"
"Hawksbill sea turtle","Endangered","Reptiles","Massachusetts"
"Hawksbill sea turtle","Endangered","Reptiles","Virginia"
"Hawksbill sea turtle","Endangered","Reptiles","Puerto Rico"
"Hawksbill sea turtle","Endangered","Reptiles","New Jersey"
"Hawksbill sea turtle","Endangered","Reptiles","New Hampshire"
"Hawksbill sea turtle","Endangered","Reptiles","Hawaii"
"Hawksbill sea turtle","Endangered","Reptiles","Alabama"
"Hawksbill sea turtle","Endangered","Reptiles","Rhode Island"
"Hawksbill sea turtle","Endangered","Reptiles","Louisiana"
"Hawksbill sea turtle","Endangered","Reptiles","Georgia"
"Hawksbill sea turtle","Endangered","Reptiles","Maine"
"Hawksbill sea turtle","Endangered","Reptiles","Mississippi"
"Hawksbill sea turtle","Endangered","Reptiles","Florida"
"Hawksbill sea turtle","Endangered","Reptiles","North Carolina"
"Hawksbill sea turtle","Endangered","Reptiles","Connecticut"
"Hawksbill sea turtle","Endangered","Reptiles","Guam"
"Hawksbill sea turtle","Endangered","Reptiles","Palau"
"Hawksbill sea turtle","Endangered","Reptiles","American Samoa"
"Hawksbill sea turtle","Endangered","Reptiles","Delaware"
"Hawksbill sea turtle","Endangered","Reptiles","Virgin Islands"
"Hawksbill sea turtle","Endangered","Reptiles","Maryland"
"Hawksbill sea turtle","Endangered","Reptiles","Northern Mariana Islands"
"Hell Creek Cave crayfish","Endangered","Crustaceans","Arkansas"
"Higgins eye (pearlymussel)","Endangered","Clams","South Dakota"
"Higgins eye (pearlymussel)","Endangered","Clams","Wisconsin"
"Higgins eye (pearlymussel)","Endangered","Clams","Missouri"
"Higgins eye (pearlymussel)","Endangered","Clams","Minnesota"
"Higgins eye (pearlymussel)","Endangered","Clams","Iowa"
"Higgins eye (pearlymussel)","Endangered","Clams","Illinois"
"Higo Chumbo","Threatened","Flowering Plants","Puerto Rico"
"Higuero de sierra","Endangered","Flowering Plants","Puerto Rico"
"Hine's emerald dragonfly","Endangered","Insects","Illinois"
"Hine's emerald dragonfly","Endangered","Insects","Wisconsin"
"Hine's emerald dragonfly","Endangered","Insects","Michigan"
"Hine's emerald dragonfly","Endangered","Insects","Missouri"
"Humpback chub","Endangered","Fishes","Arizona"
"Humpback chub","Endangered","Fishes","Utah"
"Humpback chub","Endangered","Fishes","Nevada"
"Humpback chub","Endangered","Fishes","Wyoming"
"Humpback chub","Endangered","Fishes","Colorado"
"Hungerford's crawling water Beetle","Endangered","Insects","Michigan"
"`I`iwi","Threatened","Birds","Hawaii"
"Indiana bat","Endangered","Mammals","Pennsylvania"
"Indiana bat","Endangered","Mammals","Iowa"
"Indiana bat","Endangered","Mammals","Illinois"
"Indiana bat","Endangered","Mammals","Mississippi"
"Indiana bat","Endangered","Mammals","North Carolina"
"Indiana bat","Endangered","Mammals","Alabama"
"Indiana bat","Endangered","Mammals","Michigan"
"Indiana bat","Endangered","Mammals","Indiana"
"Indiana bat","Endangered","Mammals","Missouri"
"Indiana bat","Endangered","Mammals","Tennessee"
"Indiana bat","Endangered","Mammals","Ohio"
"Indiana bat","Endangered","Mammals","Georgia"
"Indiana bat","Endangered","Mammals","Arkansas"
"Indiana bat","Endangered","Mammals","Vermont"
"Indiana bat","Endangered","Mammals","New York"
"Indiana bat","Endangered","Mammals","Kentucky"
"Indiana bat","Endangered","Mammals","Virginia"
"Indiana bat","Endangered","Mammals","New Jersey"
"Indiana bat","Endangered","Mammals","West Virginia"
"Indiana bat","Endangered","Mammals","Connecticut"
"Indiana bat","Endangered","Mammals","Oklahoma"
"Indiana bat","Endangered","Mammals","Maryland"
"Indian Knob mountainbalm","Endangered","Flowering Plants","California"
"Island marble Butterfly","Endangered","Insects","Washington"
"Ivory-billed woodpecker","Endangered","Birds","Arkansas"
"Jaguar","Endangered","Mammals","New Mexico"
"Jaguar","Endangered","Mammals","Arizona"
"James spinymussel","Endangered","Clams","North Carolina"
"James spinymussel","Endangered","Clams","West Virginia"
"James spinymussel","Endangered","Clams","Virginia"
"Jollyville Plateau Salamander","Threatened","Amphibians","Texas"
"June sucker","Endangered","Fishes","Utah"
"Karner blue butterfly","Endangered","Insects","Indiana"
"Karner blue butterfly","Endangered","Insects","Ohio"
"Karner blue butterfly","Endangered","Insects","Illinois"
"Karner blue butterfly","Endangered","Insects","Minnesota"
"Karner blue butterfly","Endangered","Insects","Wisconsin"
"Karner blue butterfly","Endangered","Insects","New Hampshire"
"Karner blue butterfly","Endangered","Insects","New York"
"Karner blue butterfly","Endangered","Insects","Michigan"
"Kauai cave wolf or pe'e pe'e maka 'ole spider","Endangered","Arachnids","Hawaii"
"Kemp's ridley sea turtle","Endangered","Reptiles","Mississippi"
"Kemp's ridley sea turtle","Endangered","Reptiles","South Carolina"
"Kemp's ridley sea turtle","Endangered","Reptiles","Virginia"
"Kemp's ridley sea turtle","Endangered","Reptiles","Texas"
"Kemp's ridley sea turtle","Endangered","Reptiles","Georgia"
"Kemp's ridley sea turtle","Endangered","Reptiles","Alabama"
"Kemp's ridley sea turtle","Endangered","Reptiles","Louisiana"
"Kemp's ridley sea turtle","Endangered","Reptiles","North Carolina"
"Kemp's ridley sea turtle","Endangered","Reptiles","Florida"
"Key deer","Endangered","Mammals","Florida"
"Key Largo woodrat","Endangered","Mammals","Florida"
"Kincaid's Lupine","Threatened","Flowering Plants","Washington"
"Kincaid's Lupine","Threatened","Flowering Plants","Oregon"
"Knowlton's cactus","Endangered","Flowering Plants","New Mexico"
"Knowlton's cactus","Endangered","Flowering Plants","Colorado"
"Koster's springsnail","Endangered","Snails","New Mexico"
"Kuenzler hedgehog cactus","Threatened","Flowering Plants","New Mexico"
"Laguna Beach liveforever","Threatened","Flowering Plants","California"
"Laguna Mountains skipper","Endangered","Insects","California"
"Lahontan cutthroat trout","Threatened","Fishes","Oregon"
"Lahontan cutthroat trout","Threatened","Fishes","Utah"
"Lahontan cutthroat trout","Threatened","Fishes","California"
"Lahontan cutthroat trout","Threatened","Fishes","Nevada"
"Lange's metalmark butterfly","Endangered","Insects","California"
"Large-flowered woolly meadowfoam","Endangered","Flowering Plants","Oregon"
"Laughing gull","Species of Concern","Birds","American Samoa"
"Laurel dace","Endangered","Fishes","Tennessee"
"Laysan duck","Endangered","Birds","Hawaii"
"Laysan finch (honeycreeper)","Endangered","Birds","Hawaii"
"Least Bell's vireo","Endangered","Birds","California"
"Least bittern","Species of Concern","Birds","Nevada"
"Least bittern","Species of Concern","Birds","Arizona"
"Least bittern","Species of Concern","Birds","Oregon"
"Least bittern","Species of Concern","Birds","California"
"Least bittern","Species of Concern","Birds","Utah"
"Least tern","Endangered","Birds","New Mexico"
"Least tern","Endangered","Birds","Nebraska"
"Least tern","Endangered","Birds","Louisiana"
"Least tern","Endangered","Birds","Kansas"
"Least tern","Endangered","Birds","Indiana"
"Least tern","Endangered","Birds","Texas"
"Least tern","Endangered","Birds","Kentucky"
"Least tern","Endangered","Birds","South Dakota"
"Least tern","Endangered","Birds","Missouri"
"Least tern","Endangered","Birds","Tennessee"
"Least tern","Endangered","Birds","North Dakota"
"Least tern","Endangered","Birds","Oklahoma"
"Least tern","Endangered","Birds","Colorado"
"Least tern","Endangered","Birds","Illinois"
"Least tern","Endangered","Birds","Mississippi"
"Least tern","Endangered","Birds","Arkansas"
"Least tern","Endangered","Birds","Iowa"
"Least tern","Endangered","Birds","Montana"
"Leatherback sea turtle","Endangered","Reptiles","Rhode Island"
"Leatherback sea turtle","Endangered","Reptiles","Hawaii"
"Leatherback sea turtle","Endangered","Reptiles","North Carolina"
"Leatherback sea turtle","Endangered","Reptiles","Florida"
"Leatherback sea turtle","Endangered","Reptiles","Mississippi"
"Leatherback sea turtle","Endangered","Reptiles","Georgia"
"Leatherback sea turtle","Endangered","Reptiles","Maine"
"Leatherback sea turtle","Endangered","Reptiles","Louisiana"
"Leatherback sea turtle","Endangered","Reptiles","California"
"Leatherback sea turtle","Endangered","Reptiles","Alabama"
"Leatherback sea turtle","Endangered","Reptiles","New York"
"Leatherback sea turtle","Endangered","Reptiles","Texas"
"Leatherback sea turtle","Endangered","Reptiles","Massachusetts"
"Leatherback sea turtle","Endangered","Reptiles","Virginia"
"Leatherback sea turtle","Endangered","Reptiles","South Carolina"
"Leatherback sea turtle","Endangered","Reptiles","New Jersey"
"Leatherback sea turtle","Endangered","Reptiles","New Hampshire"
"Leatherback sea turtle","Endangered","Reptiles","Puerto Rico"
"Leatherback sea turtle","Endangered","Reptiles","Virgin Islands"
"Leatherback sea turtle","Endangered","Reptiles","Maryland"
"Leatherback sea turtle","Endangered","Reptiles","Delaware"
"Leatherback sea turtle","Endangered","Reptiles","Oregon"
"Leatherback sea turtle","Endangered","Reptiles","Connecticut"
"Leatherback sea turtle","Endangered","Reptiles","Washington"
"Lee pincushion cactus","Threatened","Flowering Plants","New Mexico"
"Leon Springs pupfish","Endangered","Fishes","Texas"
"Light-footed clapper rail","Endangered","Birds","California"
"Little amphianthus","Threatened","Flowering Plants","Georgia"
"Little amphianthus","Threatened","Flowering Plants","Alabama"
"Little amphianthus","Threatened","Flowering Plants","South Carolina"
"Loggerhead sea turtle","Threatened","Reptiles","Texas"
"Loggerhead sea turtle","Threatened","Reptiles","South Carolina"
"Loggerhead sea turtle","Endangered","Reptiles","Oregon"
"Loggerhead sea turtle","Threatened","Reptiles","Georgia"
"Loggerhead sea turtle","Threatened","Reptiles","Louisiana"
"Loggerhead sea turtle","Threatened","Reptiles","Alabama"
"Loggerhead sea turtle","Threatened","Reptiles","Virginia"
"Loggerhead sea turtle","Threatened","Reptiles","Mississippi"
"Loggerhead sea turtle","Threatened","Reptiles","North Carolina"
"Loggerhead sea turtle","Threatened","Reptiles","Florida"
"Lost River sucker","Endangered","Fishes","Oregon"
"Lost River sucker","Endangered","Fishes","California"
"Louisiana pearlshell","Threatened","Clams","Arkansas"
"Louisiana pearlshell","Threatened","Clams","Louisiana"
"Louisiana pinesnake","Threatened","Reptiles","Texas"
"Louisiana pinesnake","Threatened","Reptiles","Louisiana"
"Louisiana quillwort","Endangered","Ferns and Allies","Louisiana"
"Louisiana quillwort","Endangered","Ferns and Allies","Mississippi"
"Louisiana quillwort","Endangered","Ferns and Allies","Alabama"
"Lower Keys marsh rabbit","Endangered","Mammals","Florida"
"Lyon's pentachaeta","Endangered","Flowering Plants","California"
"Mancos milk-vetch","Endangered","Flowering Plants","Colorado"
"Mancos milk-vetch","Endangered","Flowering Plants","New Mexico"
"Marbled murrelet","Threatened","Birds","Washington"
"Marbled murrelet","Threatened","Birds","California"
"Marbled murrelet","Threatened","Birds","Oregon"
"Mariana fruit Bat (=Mariana flying fox)","Threatened","Mammals","Northern Mariana Islands"
"Mariana fruit Bat (=Mariana flying fox)","Threatened","Mammals","Guam"
"Mariana mallard","Extinction","Birds","Northern Mariana Islands"
"Mariana mallard","Extinction","Birds","Guam"
"Masked bobwhite (quail)","Endangered","Birds","Arizona"
"Mexican blindcat (catfish)","Endangered","Fishes","Texas"
"Mexican wolf","Endangered","Mammals","New Mexico"
"Mexican wolf","Endangered","Mammals","Arizona"
"Miami Blue Butterfly","Endangered","Insects","Florida"
"Miccosukee gooseberry","Threatened","Flowering Plants","South Carolina"
"Miccosukee gooseberry","Threatened","Flowering Plants","Florida"
"Michaux's sumac","Endangered","Flowering Plants","South Carolina"
"Michaux's sumac","Endangered","Flowering Plants","North Carolina"
"Michaux's sumac","Endangered","Flowering Plants","Georgia"
"Michaux's sumac","Endangered","Flowering Plants","Virginia"
"Minnesota dwarf trout lily","Endangered","Flowering Plants","Minnesota"
"Mission blue butterfly","Endangered","Insects","California"
"Mississippi sandhill crane","Endangered","Birds","Alabama"
"Mississippi sandhill crane","Endangered","Birds","Mississippi"
"Moapa dace","Endangered","Fishes","Nevada"
"Mona boa","Threatened","Reptiles","Puerto Rico"
"Mona ground Iguana","Threatened","Reptiles","Puerto Rico"
"Morro manzanita","Threatened","Flowering Plants","California"
"Mountain yellow-legged frog","Endangered","Amphibians","California"
"Myrtle's silverspot butterfly","Endangered","Insects","California"
"Nelson's checker-mallow","Threatened","Flowering Plants","Oregon"
"Nelson's checker-mallow","Threatened","Flowering Plants","Washington"
"New Mexico meadow jumping mouse","Endangered","Mammals","Colorado"
"New Mexico meadow jumping mouse","Endangered","Mammals","New Mexico"
"New Mexico meadow jumping mouse","Endangered","Mammals","Arizona"
"Niangua darter","Threatened","Fishes","Missouri"
"Nihoa millerbird (old world warbler)","Endangered","Birds","Hawaii"
"No common name","Endangered","Flowering Plants","Puerto Rico"
"No common name","Endangered","Flowering Plants","Puerto Rico"
"No common name","Endangered","Flowering Plants","Puerto Rico"
"No common name","Endangered","Flowering Plants","Puerto Rico"
"No common name","Endangered","Flowering Plants","Puerto Rico"
"No common name","Threatened","Flowering Plants","Puerto Rico"
"No common name","Endangered","Flowering Plants","Puerto Rico"
"Noel's Amphipod","Endangered","Crustaceans","New Mexico"
"Northeastern beach tiger beetle","Threatened","Insects","Virginia"
"Northeastern beach tiger beetle","Threatened","Insects","Massachusetts"
"Northeastern beach tiger beetle","Threatened","Insects","New Jersey"
"Northeastern beach tiger beetle","Threatened","Insects","Maryland"
"Northeastern bulrush","Endangered","Flowering Plants","West Virginia"
"Northeastern bulrush","Endangered","Flowering Plants","New Hampshire"
"Northeastern bulrush","Endangered","Flowering Plants","New York"
"Northeastern bulrush","Endangered","Flowering Plants","Virginia"
"Northeastern bulrush","Endangered","Flowering Plants","Massachusetts"
"Northeastern bulrush","Endangered","Flowering Plants","Vermont"
"Northeastern bulrush","Endangered","Flowering Plants","Maryland"
"Northeastern bulrush","Endangered","Flowering Plants","Pennsylvania"
"Northern Aplomado Falcon","Endangered","Birds","Texas"
"Northern Idaho Ground Squirrel","Threatened","Mammals","Idaho"
"Northern Long-Eared Bat","Threatened","Mammals","Montana"
"Northern Long-Eared Bat","Threatened","Mammals","Kansas"
"Northern Long-Eared Bat","Threatened","Mammals","New York"
"Northern Long-Eared Bat","Threatened","Mammals","Indiana"
"Northern Long-Eared Bat","Threatened","Mammals","Illinois"
"Northern Long-Eared Bat","Threatened","Mammals","Mississippi"
"Northern Long-Eared Bat","Threatened","Mammals","Vermont"
"Northern Long-Eared Bat","Threatened","Mammals","Arkansas"
"Northern Long-Eared Bat","Threatened","Mammals","Iowa"
"Northern Long-Eared Bat","Threatened","Mammals","Nebraska"
"Northern Long-Eared Bat","Threatened","Mammals","Louisiana"
"Northern Long-Eared Bat","Threatened","Mammals","Rhode Island"
"Northern Long-Eared Bat","Threatened","Mammals","Oklahoma"
"Northern Long-Eared Bat","Threatened","Mammals","Pennsylvania"
"Northern Long-Eared Bat","Threatened","Mammals","Wyoming"
"Northern Long-Eared Bat","Threatened","Mammals","Maryland"
"Northern Long-Eared Bat","Threatened","Mammals","Maine"
"Northern Long-Eared Bat","Threatened","Mammals","South Dakota"
"Northern Long-Eared Bat","Threatened","Mammals","Alabama"
"Northern Long-Eared Bat","Threatened","Mammals","Tennessee"
"Northern Long-Eared Bat","Threatened","Mammals","West Virginia"
"Northern Long-Eared Bat","Threatened","Mammals","North Carolina"
"Northern Long-Eared Bat","Threatened","Mammals","Delaware"
"Northern Long-Eared Bat","Threatened","Mammals","Georgia"
"Northern Long-Eared Bat","Threatened","Mammals","Ohio"
"Northern Long-Eared Bat","Threatened","Mammals","District of Columbia"
"Northern Long-Eared Bat","Threatened","Mammals","Massachusetts"
"Northern Long-Eared Bat","Threatened","Mammals","Virginia"
"Northern Long-Eared Bat","Threatened","Mammals","Kentucky"
"Northern Long-Eared Bat","Threatened","Mammals","Missouri"
"Northern Long-Eared Bat","Threatened","Mammals","South Carolina"
"Northern Long-Eared Bat","Threatened","Mammals","New Jersey"
"Northern Long-Eared Bat","Threatened","Mammals","New Hampshire"
"Northern Long-Eared Bat","Threatened","Mammals","Wisconsin"
"Northern Long-Eared Bat","Threatened","Mammals","North Dakota"
"Northern Long-Eared Bat","Threatened","Mammals","Minnesota"
"Northern Long-Eared Bat","Threatened","Mammals","Connecticut"
"Northern Long-Eared Bat","Threatened","Mammals","Michigan"
"Northern Mexican gartersnake","Threatened","Reptiles","Arizona"
"Northern Mexican gartersnake","Threatened","Reptiles","New Mexico"
"Northern riffleshell","Endangered","Clams","Pennsylvania"
"Northern riffleshell","Endangered","Clams","Kentucky"
"Northern riffleshell","Endangered","Clams","Indiana"
"Northern riffleshell","Endangered","Clams","Michigan"
"Northern riffleshell","Endangered","Clams","New York"
"Northern riffleshell","Endangered","Clams","Illinois"
"Northern riffleshell","Endangered","Clams","Ohio"
"Northern riffleshell","Endangered","Clams","West Virginia"
"Northern spotted owl","Threatened","Birds","Oregon"
"Northern spotted owl","Threatened","Birds","California"
"Northern spotted owl","Threatened","Birds","Washington"
"Northern wild monkshood","Threatened","Flowering Plants","Ohio"
"Northern wild monkshood","Threatened","Flowering Plants","New York"
"Northern wild monkshood","Threatened","Flowering Plants","Iowa"
"Northern wild monkshood","Threatened","Flowering Plants","Wisconsin"
"North Park phacelia","Endangered","Flowering Plants","Colorado"
"Oahu elepaio","Endangered","Birds","Hawaii"
"Occult little brown bat","Species of Concern","Mammals","California"
"Occult little brown bat","Species of Concern","Mammals","New Mexico"
"Occult little brown bat","Species of Concern","Mammals","Texas"
"Occult little brown bat","Species of Concern","Mammals","Arizona"
"Ocelot","Endangered","Mammals","Arizona"
"Ocelot","Endangered","Mammals","Texas"
"Okaloosa darter","Threatened","Fishes","Florida"
"Olive ridley sea turtle","Threatened","Reptiles","Oregon"
"Olive ridley sea turtle","Threatened","Reptiles","California"
"Olive ridley sea turtle","Threatened","Reptiles","Hawaii"
"Olive-sided flycatcher","Species of Concern","Birds","North Carolina"
"Oregon silverspot butterfly","Threatened","Insects","Oregon"
"Oregon silverspot butterfly","Threatened","Insects","California"
"Oregon spotted frog","Threatened","Amphibians","Oregon"
"Oregon spotted frog","Threatened","Amphibians","California"
"Oregon spotted frog","Threatened","Amphibians","Washington"
"Osterhout milkvetch","Endangered","Flowering Plants","Colorado"
"Otay mesa-mint","Endangered","Flowering Plants","California"
"Oval pigtoe","Endangered","Clams","Florida"
"Oval pigtoe","Endangered","Clams","Georgia"
"Oval pigtoe","Endangered","Clams","Alabama"
"Oyster mussel","Endangered","Clams","Tennessee"
"Oyster mussel","Endangered","Clams","Alabama"
"Oyster mussel","Endangered","Clams","Kentucky"
"Oyster mussel","Endangered","Clams","Virginia"
"Ozark big-eared bat","Endangered","Mammals","Oklahoma"
"Ozark big-eared bat","Endangered","Mammals","Arkansas"
"Ozark big-eared bat","Endangered","Mammals","Missouri"
"Ozark cavefish","Threatened","Fishes","Oklahoma"
"Ozark cavefish","Threatened","Fishes","Missouri"
"Ozark cavefish","Threatened","Fishes","Arkansas"
"Ozark cavefish","Threatened","Fishes","Kansas"
"Ozark Hellbender","Endangered","Amphibians","Missouri"
"Ozark Hellbender","Endangered","Amphibians","Arkansas"
"Pacific Hawaiian damselfly","Endangered","Insects","Hawaii"
"Pagosa skyrocket","Endangered","Flowering Plants","Colorado"
"Paiute cutthroat trout","Threatened","Fishes","California"
"Pallid sturgeon","Endangered","Fishes","South Dakota"
"Pallid sturgeon","Endangered","Fishes","Tennessee"
"Pallid sturgeon","Endangered","Fishes","Kansas"
"Pallid sturgeon","Endangered","Fishes","Arkansas"
"Pallid sturgeon","Endangered","Fishes","Nebraska"
"Pallid sturgeon","Endangered","Fishes","Louisiana"
"Pallid sturgeon","Endangered","Fishes","Montana"
"Pallid sturgeon","Endangered","Fishes","Iowa"
"Pallid sturgeon","Endangered","Fishes","Mississippi"
"Pallid sturgeon","Endangered","Fishes","Illinois"
"Pallid sturgeon","Endangered","Fishes","North Dakota"
"Pallid sturgeon","Endangered","Fishes","Kentucky"
"Pallid sturgeon","Endangered","Fishes","Missouri"
"Palma de manaca","Threatened","Flowering Plants","Puerto Rico"
"Palo de nigua","Endangered","Flowering Plants","Puerto Rico"
"Palo de ramon","Endangered","Flowering Plants","Puerto Rico"
"Palo de rosa","Endangered","Flowering Plants","Puerto Rico"
"Palos Verdes blue butterfly","Endangered","Insects","California"
"Panama City crayfish","Threatened","Crustaceans","Florida"
"Parachute beardtongue","Threatened","Flowering Plants","Colorado"
"Parachute beardtongue","Threatened","Flowering Plants","Utah"
"Pawnee montane skipper","Threatened","Insects","Colorado"
"Pearl darter","Threatened","Fishes","Mississippi"
"Pecos assiminea snail","Endangered","Snails","Texas"
"Pecos assiminea snail","Endangered","Snails","New Mexico"
"Pedate checker-mallow","Endangered","Flowering Plants","California"
"Peirson's milk-vetch","Threatened","Flowering Plants","California"
"Peninsular bighorn sheep","Endangered","Mammals","California"
"Penland alpine fen mustard","Threatened","Flowering Plants","Colorado"
"Penland beardtongue","Endangered","Flowering Plants","Colorado"
"Perdido Key beach mouse","Endangered","Mammals","Florida"
"Perdido Key beach mouse","Endangered","Mammals","Alabama"
"Pink mucket (pearlymussel)","Endangered","Clams","Mississippi"
"Pink mucket (pearlymussel)","Endangered","Clams","Louisiana"
"Pink mucket (pearlymussel)","Endangered","Clams","Georgia"
"Pink mucket (pearlymussel)","Endangered","Clams","Tennessee"
"Pink mucket (pearlymussel)","Endangered","Clams","Ohio"
"Pink mucket (pearlymussel)","Endangered","Clams","Missouri"
"Pink mucket (pearlymussel)","Endangered","Clams","Virginia"
"Pink mucket (pearlymussel)","Endangered","Clams","Kentucky"
"Pink mucket (pearlymussel)","Endangered","Clams","West Virginia"
"Pink mucket (pearlymussel)","Endangered","Clams","Illinois"
"Pink mucket (pearlymussel)","Endangered","Clams","Alabama"
"Piping Plover","Threatened","Birds","Mississippi"
"Piping Plover","Endangered","Birds","Michigan"
"Piping Plover","Endangered","Birds","Indiana"
"Piping Plover","Threatened","Birds","Maryland"
"Piping Plover","Threatened","Birds","New Hampshire"
"Piping Plover","Endangered","Birds","Illinois"
"Piping Plover","Threatened","Birds","Maine"
"Piping Plover","Threatened","Birds","Rhode Island"
"Piping Plover","Threatened","Birds","South Dakota"
"Piping Plover","Threatened","Birds","Wyoming"
"Piping Plover","Endangered","Birds","Pennsylvania"
"Piping Plover","Endangered","Birds","Minnesota"
"Piping Plover","Threatened","Birds","Montana"
"Piping Plover","Endangered","Birds","Wisconsin"
"Piping Plover","Threatened","Birds","Texas"
"Piping Plover","Threatened","Birds","Virginia"
"Piping Plover","Endangered","Birds","New York"
"Piping Plover","Threatened","Birds","New Mexico"
"Piping Plover","Threatened","Birds","Nebraska"
"Piping Plover","Threatened","Birds","New Jersey"
"Piping Plover","Threatened","Birds","South Carolina"
"Piping Plover","Threatened","Birds","North Dakota"
"Piping Plover","Threatened","Birds","New York"
"Piping Plover","Threatened","Birds","Kansas"
"Piping Plover","Threatened","Birds","North Carolina"
"Piping Plover","Threatened","Birds","Louisiana"
"Piping Plover","Threatened","Birds","Massachusetts"
"Piping Plover","Threatened","Birds","Iowa"
"Piping Plover","Threatened","Birds","Connecticut"
"Piping Plover","Endangered","Birds","Ohio"
"Piping Plover","Threatened","Birds","Florida"
"Piping Plover","Threatened","Birds","Georgia"
"Piping Plover","Threatened","Birds","Arkansas"
"Piping Plover","Threatened","Birds","Colorado"
"Piping Plover","Threatened","Birds","Delaware"
"Piping Plover","Threatened","Birds","Alabama"
"Piping Plover","Threatened","Birds","Oklahoma"
"Pitcher's thistle","Threatened","Flowering Plants","Michigan"
"Pitcher's thistle","Threatened","Flowering Plants","Indiana"
"Pitcher's thistle","Threatened","Flowering Plants","Wisconsin"
"Pitcher's thistle","Threatened","Flowering Plants","Illinois"
"Polar bear","Threatened","Mammals","Alaska"
"Pondberry","Endangered","Flowering Plants","South Carolina"
"Pondberry","Endangered","Flowering Plants","Alabama"
"Pondberry","Endangered","Flowering Plants","Mississippi"
"Pondberry","Endangered","Flowering Plants","Georgia"
"Pondberry","Endangered","Flowering Plants","North Carolina"
"Pondberry","Endangered","Flowering Plants","Missouri"
"Pondberry","Endangered","Flowering Plants","Arkansas"
"Prairie bush-clover","Threatened","Flowering Plants","Minnesota"
"Prairie bush-clover","Threatened","Flowering Plants","Illinois"
"Prairie bush-clover","Threatened","Flowering Plants","Iowa"
"Prairie bush-clover","Threatened","Flowering Plants","Wisconsin"
"Preble's meadow jumping mouse","Threatened","Mammals","Colorado"
"Preble's meadow jumping mouse","Threatened","Mammals","Wyoming"
"Puerto Rican boa","Endangered","Reptiles","Puerto Rico"
"Puerto Rican crested toad","Threatened","Amphibians","Puerto Rico"
"Puerto Rican nightjar","Endangered","Birds","Puerto Rico"
"Puerto Rican parrot","Endangered","Birds","Puerto Rico"
"Puerto Rican sharp-shinned hawk","Endangered","Birds","Puerto Rico"
"Puerto Rico harlequin butterfly","Threatened","Insects","Puerto Rico"
"Puma (=mountain lion)","Threatened","Mammals","Florida"
"Puritan tiger beetle","Threatened","Insects","Maryland"
"Puritan tiger beetle","Threatened","Insects","Connecticut"
"Puritan tiger beetle","Threatened","Insects","Massachusetts"
"Purple bankclimber (mussel)","Threatened","Clams","Georgia"
"Purple bankclimber (mussel)","Threatened","Clams","Florida"
"Purple bankclimber (mussel)","Threatened","Clams","Alabama"
"Purple bean","Endangered","Clams","Tennessee"
"Purple bean","Endangered","Clams","Virginia"
"Purple Cat's paw (=Purple Cat's paw pearlymussel)","Endangered","Clams","Alabama"
"Purple Cat's paw (=Purple Cat's paw pearlymussel)","Endangered","Clams","Kentucky"
"Purple Cat's paw (=Purple Cat's paw pearlymussel)","Endangered","Clams","Tennessee"
"Purple Cat's paw (=Purple Cat's paw pearlymussel)","Endangered","Clams","Ohio"
"Quino checkerspot butterfly","Endangered","Insects","California"
"Rayed Bean","Endangered","Clams","Michigan"
"Rayed Bean","Endangered","Clams","West Virginia"
"Rayed Bean","Endangered","Clams","Kentucky"
"Rayed Bean","Endangered","Clams","Indiana"
"Rayed Bean","Endangered","Clams","Tennessee"
"Rayed Bean","Endangered","Clams","Ohio"
"Rayed Bean","Endangered","Clams","New York"
"Rayed Bean","Endangered","Clams","Virginia"
"Rayed Bean","Endangered","Clams","Pennsylvania"
"Razorback sucker","Endangered","Fishes","California"
"Razorback sucker","Endangered","Fishes","Utah"
"Razorback sucker","Endangered","Fishes","Nevada"
"Razorback sucker","Endangered","Fishes","New Mexico"
"Razorback sucker","Endangered","Fishes","Arizona"
"Razorback sucker","Endangered","Fishes","Colorado"
"Red-cockaded woodpecker","Endangered","Birds","Georgia"
"Red-cockaded woodpecker","Endangered","Birds","Virginia"
"Red-cockaded woodpecker","Endangered","Birds","South Carolina"
"Red-cockaded woodpecker","Endangered","Birds","Missouri"
"Red-cockaded woodpecker","Endangered","Birds","Alabama"
"Red-cockaded woodpecker","Endangered","Birds","Louisiana"
"Red-cockaded woodpecker","Endangered","Birds","Arkansas"
"Red-cockaded woodpecker","Endangered","Birds","Mississippi"
"Red-cockaded woodpecker","Endangered","Birds","Florida"
"Red-cockaded woodpecker","Endangered","Birds","North Carolina"
"Red-cockaded woodpecker","Endangered","Birds","Oklahoma"
"Red-cockaded woodpecker","Endangered","Birds","Texas"
"Red crossbill","Species of Concern","Birds","North Carolina"
"Reddish egret","Species of Concern","Birds","Florida"
"Red Hills salamander","Threatened","Amphibians","Alabama"
"Red knot","Threatened","Birds","Maryland"
"Red knot","Threatened","Birds","Arkansas"
"Red knot","Threatened","Birds","Michigan"
"Red knot","Threatened","Birds","Louisiana"
"Red knot","Threatened","Birds","Rhode Island"
"Red knot","Threatened","Birds","Montana"
"Red knot","Threatened","Birds","North Carolina"
"Red knot","Threatened","Birds","Indiana"
"Red knot","Threatened","Birds","Florida"
"Red knot","Threatened","Birds","Mississippi"
"Red knot","Threatened","Birds","Delaware"
"Red knot","Threatened","Birds","West Virginia"
"Red knot","Threatened","Birds","Alabama"
"Red knot","Threatened","Birds","Illinois"
"Red knot","Threatened","Birds","North Dakota"
"Red knot","Threatened","Birds","Virginia"
"Red knot","Threatened","Birds","Kansas"
"Red knot","Threatened","Birds","Ohio"
"Red knot","Threatened","Birds","Massachusetts"
"Red knot","Threatened","Birds","New York"
"Red knot","Threatened","Birds","Wisconsin"
"Red knot","Threatened","Birds","Texas"
"Red knot","Threatened","Birds","Missouri"
"Red knot","Threatened","Birds","New Hampshire"
"Red knot","Threatened","Birds","Pennsylvania"
"Red knot","Threatened","Birds","Oklahoma"
"Red knot","Threatened","Birds","Minnesota"
"Red knot","Threatened","Birds","South Carolina"
"Red knot","Threatened","Birds","New Jersey"
"Red knot","Threatened","Birds","Connecticut"
"Red knot","Threatened","Birds","Nebraska"
"Red knot","Threatened","Birds","Georgia"
"Red knot","Threatened","Birds","South Dakota"
"Red knot","Threatened","Birds","Maine"
"Red-legged kittiwake","Species of Concern","Birds","Alaska"
"Red wolf","Endangered","Mammals","Florida"
"Relict trillium","Endangered","Flowering Plants","South Carolina"
"Relict trillium","Endangered","Flowering Plants","Alabama"
"Relict trillium","Endangered","Flowering Plants","Georgia"
"Ring pink (mussel)","Endangered","Clams","Kentucky"
"Ring pink (mussel)","Endangered","Clams","Tennessee"
"Ring pink (mussel)","Endangered","Clams","Alabama"
"Rio Grande Silvery Minnow","Endangered","Fishes","New Mexico"
"Rio Grande Silvery Minnow","Endangered","Fishes","Texas"
"Riparian brush rabbit","Endangered","Mammals","California"
"Riparian woodrat (=San Joaquin Valley)","Endangered","Mammals","California"
"Roseate tern","Endangered","Birds","Virginia"
"Roseate tern","Endangered","Birds","New Jersey"
"Roseate tern","Endangered","Birds","North Carolina"
"Roseate tern","Endangered","Birds","Massachusetts"
"Roseate tern","Threatened","Birds","Virgin Islands"
"Roseate tern","Threatened","Birds","Puerto Rico"
"Roseate tern","Endangered","Birds","Rhode Island"
"Roseate tern","Endangered","Birds","New York"
"Roseate tern","Endangered","Birds","Connecticut"
"Roseate tern","Threatened","Birds","Florida"
"Roseate tern","Endangered","Birds","Maine"
"Roseate tern","Endangered","Birds","New Hampshire"
"Roswell springsnail","Endangered","Snails","New Mexico"
"Rough-leaved loosestrife","Endangered","Flowering Plants","South Carolina"
"Rough-leaved loosestrife","Endangered","Flowering Plants","North Carolina"
"Rough pigtoe","Endangered","Clams","Virginia"
"Rough pigtoe","Endangered","Clams","Alabama"
"Rough pigtoe","Endangered","Clams","Indiana"
"Rough pigtoe","Endangered","Clams","Tennessee"
"Rough pigtoe","Endangered","Clams","Kentucky"
"rough popcornflower","Endangered","Flowering Plants","Oregon"
"Round-tailed muskrat","Species of Concern","Mammals","Florida"
"Ruddy Duck","Species of Concern","Birds","Puerto Rico"
"Ruddy Duck","Species of Concern","Birds","Virgin Islands"
"Running buffalo clover","Endangered","Flowering Plants","Kentucky"
"Running buffalo clover","Endangered","Flowering Plants","Arkansas"
"Running buffalo clover","Endangered","Flowering Plants","Missouri"
"Running buffalo clover","Endangered","Flowering Plants","West Virginia"
"Running buffalo clover","Endangered","Flowering Plants","Pennsylvania"
"Running buffalo clover","Endangered","Flowering Plants","Indiana"
"Running buffalo clover","Endangered","Flowering Plants","Ohio"
"Rush Darter","Endangered","Fishes","Alabama"
"Rusty patched bumble bee","Endangered","Insects","Virginia"
"Rusty patched bumble bee","Endangered","Insects","Massachusetts"
"Rusty patched bumble bee","Endangered","Insects","Illinois"
"Rusty patched bumble bee","Endangered","Insects","Wisconsin"
"Rusty patched bumble bee","Endangered","Insects","Ohio"
"Rusty patched bumble bee","Endangered","Insects","West Virginia"
"Rusty patched bumble bee","Endangered","Insects","Indiana"
"Rusty patched bumble bee","Endangered","Insects","Iowa"
"Rusty patched bumble bee","Endangered","Insects","Minnesota"
"Rusty patched bumble bee","Endangered","Insects","Maine"
"Salado Salamander","Threatened","Amphibians","Texas"
"Salt marsh bird's-beak","Endangered","Flowering Plants","California"
"Saltmarsh Sparrow","Species of Concern","Birds","South Carolina"
"Saltwater crocodile","Endangered","Reptiles","Palau"
"San Bernardino Merriam's kangaroo rat","Endangered","Mammals","California"
"San Bruno elfin butterfly","Endangered","Insects","California"
"San Diego ambrosia","Endangered","Flowering Plants","California"
"San Diego black-tailed jackrabbit","Species of Concern","Mammals","California"
"San Diego button-celery","Endangered","Flowering Plants","California"
"San Diego fairy shrimp","Endangered","Crustaceans","California"
"San Diego mesa-mint","Endangered","Flowering Plants","California"
"San Diego thornmint","Threatened","Flowering Plants","California"
"Sand skink","Threatened","Reptiles","Florida"
"San Joaquin kit fox","Endangered","Mammals","California"
"San Marcos salamander","Threatened","Amphibians","Texas"
"Santa Ana sucker","Threatened","Fishes","California"
"Santa Barbara song sparrow","Extinction","Birds","California"
"Santa Monica Mountains dudleyea","Threatened","Flowering Plants","California"
"Seabeach amaranth","Threatened","Flowering Plants","Maryland"
"Seabeach amaranth","Threatened","Flowering Plants","New York"
"Seabeach amaranth","Threatened","Flowering Plants","Virginia"
"Seabeach amaranth","Threatened","Flowering Plants","South Carolina"
"Seabeach amaranth","Threatened","Flowering Plants","New Jersey"
"Seabeach amaranth","Threatened","Flowering Plants","North Carolina"
"Seabeach amaranth","Threatened","Flowering Plants","Delaware"
"Seabeach amaranth","Threatened","Flowering Plants","Massachusetts"
"Sharp shinned hawk","Species of Concern","Birds","California"
"Sheepnose Mussel","Endangered","Clams","West Virginia"
"Sheepnose Mussel","Endangered","Clams","Minnesota"
"Sheepnose Mussel","Endangered","Clams","Pennsylvania"
"Sheepnose Mussel","Endangered","Clams","Iowa"
"Sheepnose Mussel","Endangered","Clams","Mississippi"
"Sheepnose Mussel","Endangered","Clams","Tennessee"
"Sheepnose Mussel","Endangered","Clams","Alabama"
"Sheepnose Mussel","Endangered","Clams","Indiana"
"Sheepnose Mussel","Endangered","Clams","Kentucky"
"Sheepnose Mussel","Endangered","Clams","Virginia"
"Sheepnose Mussel","Endangered","Clams","Wisconsin"
"Sheepnose Mussel","Endangered","Clams","Missouri"
"Sheepnose Mussel","Endangered","Clams","Illinois"
"Sheepnose Mussel","Endangered","Clams","Ohio"
"Shenandoah salamander","Endangered","Amphibians","Virginia"
"Shiny pigtoe","Endangered","Clams","Tennessee"
"Shiny pigtoe","Endangered","Clams","Alabama"
"Shiny pigtoe","Endangered","Clams","Virginia"
"Shinyrayed pocketbook","Endangered","Clams","Alabama"
"Shinyrayed pocketbook","Endangered","Clams","Georgia"
"Shinyrayed pocketbook","Endangered","Clams","Florida"
"Shortnose Sucker","Endangered","Fishes","Oregon"
"Shortnose Sucker","Endangered","Fishes","California"
"Short's goldenrod","Endangered","Flowering Plants","Kentucky"
"Short's goldenrod","Endangered","Flowering Plants","Indiana"
"Short-tailed albatross","Endangered","Birds","California"
"Short-tailed albatross","Endangered","Birds","Washington"
"Short-tailed albatross","Endangered","Birds","Oregon"
"Short-tailed albatross","Endangered","Birds","Alaska"
"Short-tailed albatross","Endangered","Birds","Hawaii"
"Showy Indian clover","Endangered","Flowering Plants","California"
"Sierra Nevada bighorn sheep","Endangered","Mammals","California"
"Slabside Pearlymussel","Endangered","Clams","North Carolina"
"Slabside Pearlymussel","Endangered","Clams","Alabama"
"Slabside Pearlymussel","Endangered","Clams","Mississippi"
"Slabside Pearlymussel","Endangered","Clams","Kentucky"
"Slabside Pearlymussel","Endangered","Clams","Virginia"
"Slabside Pearlymussel","Endangered","Clams","Tennessee"
"Slender chub","Threatened","Fishes","Tennessee"
"Slender chub","Threatened","Fishes","Virginia"
"Sneed pincushion cactus","Endangered","Flowering Plants","New Mexico"
"Sneed pincushion cactus","Endangered","Flowering Plants","Texas"
"Song Sparrow","Species of Concern","Birds","California"
"Song Sparrow","Species of Concern","Birds","California"
"Song Sparrow","Species of Concern","Birds","California"
"Sonora chub","Threatened","Fishes","Arizona"
"Sonoran pronghorn","Endangered","Mammals","Arizona"
"Southeastern American kestrel","Species of Concern","Birds","Florida"
"Southeastern beach mouse","Threatened","Mammals","Florida"
"Southern clubshell","Endangered","Clams","Mississippi"
"Southern clubshell","Endangered","Clams","Georgia"
"Southern clubshell","Endangered","Clams","Alabama"
"Southern clubshell","Endangered","Clams","Tennessee"
"Southern combshell","Endangered","Clams","Alabama"
"Southern combshell","Endangered","Clams","Mississippi"
"Southern mountain wild-buckwheat","Threatened","Flowering Plants","California"
"Southern pigtoe","Endangered","Clams","Georgia"
"Southern pigtoe","Endangered","Clams","Alabama"
"Southern pigtoe","Endangered","Clams","Tennessee"
"Southern sandshell","Threatened","Clams","Florida"
"Southern sandshell","Threatened","Clams","Alabama"
"Southern sea otter","Threatened","Mammals","California"
"Southwestern willow flycatcher","Endangered","Birds","California"
"Southwestern willow flycatcher","Endangered","Birds","Utah"
"Southwestern willow flycatcher","Endangered","Birds","Nevada"
"Southwestern willow flycatcher","Endangered","Birds","New Mexico"
"Southwestern willow flycatcher","Endangered","Birds","Texas"
"Southwestern willow flycatcher","Endangered","Birds","Arizona"
"Southwestern willow flycatcher","Endangered","Birds","Colorado"
"Spectacled eider","Threatened","Birds","Alaska"
"Spotted Towhee","Species of Concern","Birds","California"
"Spreading avens","Endangered","Flowering Plants","North Carolina"
"Spreading avens","Endangered","Flowering Plants","Tennessee"
"Spreading navarretia","Threatened","Flowering Plants","California"
"Spring-loving centaury","Threatened","Flowering Plants","Nevada"
"St. Croix ground lizard","Endangered","Reptiles","Virgin Islands"
"Steller's Eider","Threatened","Birds","Alaska"
"Stephens' kangaroo rat","Endangered","Mammals","California"
"St. Francis River Crayfish","Threatened","Crustaceans","Missouri"
"Streaked Horned lark","Threatened","Birds","Washington"
"Streaked Horned lark","Threatened","Birds","Oregon"
"Suwannee moccasinshell","Threatened","Clams","Georgia"
"Suwannee moccasinshell","Threatened","Clams","Florida"
"Swamp pink","Threatened","Flowering Plants","Maryland"
"Swamp pink","Threatened","Flowering Plants","New Jersey"
"Swamp pink","Threatened","Flowering Plants","Virginia"
"Swamp pink","Threatened","Flowering Plants","Georgia"
"Swamp pink","Threatened","Flowering Plants","North Carolina"
"Swamp pink","Threatened","Flowering Plants","Delaware"
"Swamp pink","Threatened","Flowering Plants","South Carolina"
"Tan riffleshell","Endangered","Clams","West Virginia"
"Tan riffleshell","Endangered","Clams","Kentucky"
"Tan riffleshell","Endangered","Clams","Virginia"
"Tan riffleshell","Endangered","Clams","Tennessee"
"Tar River spinymussel","Endangered","Clams","North Carolina"
"Taylor's (=whulge) Checkerspot","Endangered","Insects","Washington"
"Taylor's (=whulge) Checkerspot","Endangered","Insects","Oregon"
"Telephus spurge","Threatened","Flowering Plants","Florida"
"Texas blind salamander","Endangered","Amphibians","Texas"
"Texas wild-rice","Endangered","Flowering Plants","Texas"
"Thread-leaved brodiaea","Threatened","Flowering Plants","California"
"Three Forks Springsnail","Endangered","Snails","Arizona"
"Tobusch fishhook cactus","Threatened","Flowering Plants","Texas"
"Topeka shiner","Endangered","Fishes","Iowa"
"Topeka shiner","Endangered","Fishes","South Dakota"
"Topeka shiner","Endangered","Fishes","Nebraska"
"Topeka shiner","Endangered","Fishes","Missouri"
"Topeka shiner","Endangered","Fishes","Kansas"
"Topeka shiner","Endangered","Fishes","Minnesota"
"Unarmored threespine stickleback","Endangered","Fishes","California"
"Uvillo","Endangered","Flowering Plants","Puerto Rico"
"Vahl's boxwood","Endangered","Flowering Plants","Puerto Rico"
"Vahl's boxwood","Endangered","Flowering Plants","Virgin Islands"
"Valley elderberry longhorn beetle","Threatened","Insects","California"
"Virginia big-eared bat","Endangered","Mammals","North Carolina"
"Virginia big-eared bat","Endangered","Mammals","Virginia"
"Virginia big-eared bat","Endangered","Mammals","West Virginia"
"Virginia big-eared bat","Endangered","Mammals","Tennessee"
"Virginia big-eared bat","Endangered","Mammals","Kentucky"
"Virginia round-leaf birch","Threatened","Flowering Plants","Virginia"
"Virgin Islands tree boa","Endangered","Reptiles","Puerto Rico"
"Virgin Islands tree boa","Endangered","Reptiles","Virgin Islands"
"Western burrowing owl","Species of Concern","Birds","Colorado"
"Western prairie fringed Orchid","Threatened","Flowering Plants","Kansas"
"Western prairie fringed Orchid","Threatened","Flowering Plants","Missouri"
"Western prairie fringed Orchid","Threatened","Flowering Plants","Minnesota"
"Western prairie fringed Orchid","Threatened","Flowering Plants","North Dakota"
"Western prairie fringed Orchid","Threatened","Flowering Plants","Colorado"
"Western prairie fringed Orchid","Threatened","Flowering Plants","Wyoming"
"Western prairie fringed Orchid","Threatened","Flowering Plants","Iowa"
"Western prairie fringed Orchid","Threatened","Flowering Plants","Nebraska"
"Western prairie fringed Orchid","Threatened","Flowering Plants","South Dakota"
"Western snowy plover","Threatened","Birds","California"
"Western snowy plover","Threatened","Birds","Washington"
"Western snowy plover","Threatened","Birds","Oregon"
"West Indian Manatee","Threatened","Mammals","Virginia"
"West Indian Manatee","Threatened","Mammals","Florida"
"West Indian Manatee","Threatened","Mammals","North Carolina"
"West Indian Manatee","Threatened","Mammals","Louisiana"
"West Indian Manatee","Threatened","Mammals","Alabama"
"West Indian Manatee","Threatened","Mammals","Georgia"
"West Indian Manatee","Threatened","Mammals","Mississippi"
"West Indian Manatee","Threatened","Mammals","South Carolina"
"West Indian Manatee","Threatened","Mammals","New Jersey"
"West Indian Manatee","Threatened","Mammals","Puerto Rico"
"West Indian Manatee","Threatened","Mammals","Texas"
"West Indian Manatee","Threatened","Mammals","Delaware"
"West Indian Manatee","Threatened","Mammals","Maryland"
"West Indian whistling duck","Species of Concern","Birds","Puerto Rico"
"West Indian whistling duck","Species of Concern","Birds","Virgin Islands"
"White catspaw (pearlymussel)","Endangered","Clams","Ohio"
"White catspaw (pearlymussel)","Endangered","Clams","Indiana"
"White-crowned pigeon","Species of Concern","Birds","Florida"
"White-faced ibis","Species of Concern","Birds","Colorado"
"White fringeless orchid","Threatened","Flowering Plants","Mississippi"
"White fringeless orchid","Threatened","Flowering Plants","Tennessee"
"White fringeless orchid","Threatened","Flowering Plants","Georgia"
"White fringeless orchid","Threatened","Flowering Plants","Alabama"
"White fringeless orchid","Threatened","Flowering Plants","South Carolina"
"White fringeless orchid","Threatened","Flowering Plants","Kentucky"
"White sturgeon","Endangered","Fishes","Idaho"
"White sturgeon","Endangered","Fishes","Montana"
"Whooping crane","Endangered","Birds","Kansas"
"Whooping crane","Endangered","Birds","Wisconsin"
"Whooping crane","Endangered","Birds","Texas"
"Whooping crane","Endangered","Birds","Oklahoma"
"Whooping crane","Endangered","Birds","North Dakota"
"Whooping crane","Endangered","Birds","Montana"
"Whooping crane","Endangered","Birds","South Dakota"
"Whooping crane","Endangered","Birds","Nebraska"
"Willowy monardella","Endangered","Flowering Plants","California"
"Winged Mapleleaf","Endangered","Clams","Minnesota"
"Winged Mapleleaf","Endangered","Clams","Tennessee"
"Winged Mapleleaf","Endangered","Clams","Arkansas"
"Winged Mapleleaf","Endangered","Clams","Missouri"
"Winged Mapleleaf","Endangered","Clams","Oklahoma"
"Winged Mapleleaf","Endangered","Clams","Wisconsin"
"Wood Bison","Threatened","Mammals","Alaska"
"Woodland Caribou","Endangered","Mammals","Washington"
"Woodland Caribou","Endangered","Mammals","Idaho"
"Wood stork","Threatened","Birds","South Carolina"
"Wood stork","Threatened","Birds","Georgia"
"Wood stork","Threatened","Birds","Alabama"
"Wood stork","Threatened","Birds","North Carolina"
"Wood stork","Threatened","Birds","Mississippi"
"Wood stork","Threatened","Birds","Florida"
"Woundfin","Endangered","Fishes","Arizona"
"Woundfin","Endangered","Fishes","Utah"
"Woundfin","Endangered","Fishes","Nevada"
"Wyoming Toad","Endangered","Amphibians","Wyoming"
"Yellow-billed Cuckoo","Threatened","Birds","New Mexico"
"Yellow-billed Cuckoo","Threatened","Birds","Colorado"
"Yellow-billed Cuckoo","Threatened","Birds","Wyoming"
"Yellow-billed Cuckoo","Threatened","Birds","Texas"
"Yellow-billed Cuckoo","Threatened","Birds","Nevada"
"Yellow-billed Cuckoo","Threatened","Birds","California"
"Yellow-billed Cuckoo","Threatened","Birds","Utah"
"Yellow-billed Cuckoo","Threatened","Birds","Montana"
"Yellow-billed Cuckoo","Threatened","Birds","Arizona"
"Yellow-billed Cuckoo","Threatened","Birds","Idaho"
"Yellow-billed Cuckoo","Threatened","Birds","Oregon"
"Yellow-billed Cuckoo","Threatened","Birds","Washington"
"Yellow blossom (pearlymussel)","Endangered","Clams","Tennessee"
"Yellowcheek Darter","Endangered","Fishes","Arkansas"
"Yellow lampmussel","Species of Concern","Clams","North Carolina"
"Yellow-shouldered blackbird","Endangered","Birds","Puerto Rico"
"Yuma Ridgways (clapper) rail","Endangered","Birds","Arizona"
"Yuma Ridgways (clapper) rail","Endangered","Birds","California"
